time,latitude,longitude,depth,mag,magType,nst,gap,dmin,rms,net,id,updated,place,type,horizontalError,depthError,magError,magNst,status,locationSource,magSource
2010-12-15T18:22:23.540Z,-17.679,-69.143,136.6,5.1,mwc,74,33.2,,0.95,us,usp000hqyu,2016-11-10T02:37:26.165Z,"78 km WNW of Curahuara de Carangas, Bolivia",earthquake,,5.2,,,reviewed,us,gcmt
2010-12-13T18:51:05.360Z,-33.989,-73.08,29.3,5.2,mwc,192,57.4,,0.95,us,usp000hqw6,2016-11-10T02:37:21.123Z,"143 km WSW of San Antonio, Chile",earthquake,,,,,reviewed,us,gcmt
2010-11-29T19:57:53.880Z,-24.012,-66.712,182.1,5.2,mwc,139,75.2,,0.84,us,usp000hqae,2016-11-10T02:36:48.588Z,"46 km WNW of San Antonio de los Cobres, Argentina",earthquake,,4.8,,,reviewed,us,gcmt
2010-11-28T08:19:45.000Z,-34.672,-72.043,41.9,5.3,mwb,228,42.3,,,us,usp000hq8g,2022-05-02T22:27:47.958Z,"62 km W of Santa Cruz, Chile",earthquake,,,,,reviewed,guc,us
2010-11-25T04:54:46.000Z,-25.06,-69.793,28.7,5,mb,115,80.9,,,us,usp000hq2x,2022-07-19T00:42:56.041Z,"79 km ENE of Taltal, Chile",earthquake,,,,30,reviewed,guc,us
2010-11-20T02:09:33.860Z,-37.958,-73.688,30.5,5.2,mb,94,96.6,,0.97,us,usp000hpvs,2022-07-19T00:21:53.363Z,"31 km SW of Cañete, Chile",earthquake,,15.3,,61,reviewed,us,us
2010-11-14T22:59:51.690Z,-22.722,-66.634,197.8,5.1,mwc,153,63,,0.88,us,usp000hpnd,2016-11-10T02:36:13.485Z,"96 km W of Abra Pampa, Argentina",earthquake,,4.4,,,reviewed,us,gcmt
2010-11-10T01:23:31.000Z,-36.438,-73.362,7,5,mwc,130,116.9,,,us,usp000hpbq,2022-05-02T22:25:11.481Z,"38 km NW of Talcahuano, Chile",earthquake,,,,,reviewed,guc,gcmt
2010-11-06T12:15:42.750Z,-18.882,-69.293,108.9,5,mwc,180,87.9,,0.91,us,usp000hp72,2016-11-10T02:35:45.971Z,"115 km ESE of Arica, Chile",earthquake,,,,,reviewed,us,gcmt
2010-10-31T07:10:40.570Z,-33.661,-71.86,29,5.3,mwc,163,113.4,,0.79,us,usp000hnu9,2022-07-18T23:13:34.609Z,"24 km WSW of San Antonio, Chile",earthquake,,,,,reviewed,us,gcmt
2010-10-29T14:11:51.000Z,-29.454,-71.736,42.4,5.2,mwc,100,83.4,,,us,usp000hnrk,2022-07-18T23:10:09.320Z,"67 km NW of Coquimbo, Chile",earthquake,,,,,reviewed,guc,gcmt
2010-10-23T10:56:59.480Z,-36.779,-73.41,28.9,5.1,mwc,114,114.8,,0.87,us,usp000hner,2022-07-18T22:50:44.268Z,"26 km WSW of Talcahuano, Chile",earthquake,,,,,reviewed,us,gcmt
2010-10-23T05:58:27.730Z,-37.743,-73.362,15,5.5,mwb,319,66,,0.86,us,usp000hnek,2022-08-09T03:19:26.348Z,"7 km NNE of Cañete, Chile",earthquake,,,,,reviewed,us,us
2010-10-23T01:38:14.000Z,-29.593,-71.112,44,5.6,mwc,271,71.2,,,us,usp000hnea,2022-07-18T22:48:56.761Z,"36 km NNE of La Serena, Chile",earthquake,,,,,reviewed,guc,gcmt
2010-10-22T19:31:37.560Z,-20.878,-68.372,132.2,5.8,mwb,335,47.2,,1.04,us,usp000hne0,2022-07-18T22:47:20.691Z,"163 km WSW of Colchani, Bolivia",earthquake,,,,,reviewed,us,us
2010-10-21T02:49:55.570Z,-34.737,-73.726,8,5.9,mwc,360,20.4,,0.94,us,usp000hnbu,2022-07-18T22:34:32.398Z,"136 km WNW of Constitución, Chile",earthquake,,,,,reviewed,us,gcmt
2010-10-04T16:43:17.430Z,-36.364,-73.293,37.1,5,mb,47,134.4,,0.74,us,usp000hmm0,2022-07-18T21:30:39.611Z,"41 km NW of Tomé, Chile",earthquake,,9.3,,14,reviewed,us,us
2010-09-30T00:26:10.000Z,-36.249,-74.256,20.2,5.8,mwb,268,44.2,,,us,usp000hmcc,2022-08-09T03:29:46.849Z,"114 km WNW of Talcahuano, Chile",earthquake,,,,,reviewed,guc,us
2010-09-29T16:29:49.000Z,-34.804,-71.795,51,5,mwc,70,76.5,,,us,usp000hmbm,2022-05-02T22:20:35.606Z,"43 km WSW of Santa Cruz, Chile",earthquake,,,,,reviewed,guc,gcmt
2010-09-28T01:48:15.000Z,-29.344,-71.175,64.7,5,mb,145,84.2,,,us,usp000hm9g,2022-07-18T20:49:54.296Z,"62 km N of La Serena, Chile",earthquake,,,,83,reviewed,guc,us
2010-09-27T09:25:06.550Z,-26.448,-64.63,21,5,mb,114,59.7,,0.87,us,usp000hm8g,2022-07-18T20:45:04.877Z,"12 km ENE of Burruyacú, Argentina",earthquake,,9.1,,68,reviewed,us,us
2010-09-26T10:16:15.200Z,-21.184,-68.178,93.6,5,mwc,252,52.1,,0.81,us,usp000hm74,2016-11-10T02:33:37.054Z,"160 km NNE of Calama, Chile",earthquake,,4.8,,,reviewed,us,gcmt
2010-09-26T05:29:51.070Z,-40.459,-72.765,60.5,5,mwc,150,57.8,,0.79,us,usp000hm6j,2022-07-18T20:37:26.658Z,"21 km SE of Río Bueno, Chile",earthquake,,,,,reviewed,us,gcmt
2010-09-23T16:36:18.330Z,-34.906,-71.621,49.4,5.4,mwc,198,58.4,,0.85,us,usp000hm3p,2022-07-18T20:31:09.626Z,"27 km W of Rauco, Chile",earthquake,,4.4,,,reviewed,us,gcmt
2010-09-20T05:42:56.690Z,-33.643,-71.928,30.4,5.1,mwc,201,92.5,,0.94,us,usp000hkz7,2022-07-18T20:24:49.771Z,"30 km W of San Antonio, Chile",earthquake,,,,,reviewed,us,gcmt
2010-09-20T03:25:29.000Z,-28.085,-66.515,188,5.1,mwc,166,40.8,,,us,usp000hkz2,2016-11-10T02:33:23.419Z,"44 km NW of Pomán, Argentina",earthquake,,,,,reviewed,sja,gcmt
2010-09-17T06:52:43.650Z,-37.506,-73.599,31.9,5.1,mwc,72,98.8,,0.88,us,usp000hkua,2022-05-02T22:19:40.701Z,"Near the coast of Bio-Bio, Chile",earthquake,,15,,,reviewed,us,gcmt
2010-09-17T03:25:32.380Z,-21.586,-67.02,201,5.4,mwb,317,70.3,,0.92,us,usp000hku7,2016-11-10T02:33:15.663Z,"109 km SW of Atocha, Bolivia",earthquake,,,,,reviewed,us,us
2010-09-14T03:37:05.000Z,-37.522,-74.392,13.3,5.1,mwc,60,85.8,,,us,usp000hkpm,2022-05-02T22:19:21.648Z,"65 km W of Lebu, Chile",earthquake,,,,,reviewed,guc,gcmt
2010-09-14T03:23:37.470Z,-37.221,-73.524,26.4,5.2,mwc,68,118.7,,1.37,us,usp000hkpj,2022-07-18T20:03:23.208Z,"18 km W of Arauco, Chile",earthquake,,28.7,,,reviewed,us,gcmt
2010-09-13T16:44:47.890Z,-31.846,-70.265,100.9,5.1,mwc,83,113.5,,1.06,us,usp000hkp2,2022-07-18T20:01:42.110Z,"66 km E of Salamanca, Chile",earthquake,,,,,reviewed,us,gcmt
2010-09-12T21:08:42.000Z,-29.43,-71.795,60,5.2,mwc,61,83.3,,,us,usp000hkmw,2022-07-18T20:00:04.329Z,"72 km NW of Coquimbo, Chile",earthquake,,,,,reviewed,guc,gcmt
2010-09-09T07:28:01.720Z,-37.034,-73.412,16,6.2,mwb,265,49.5,,1.15,us,usp000hkg9,2022-08-09T03:55:17.508Z,"23 km WNW of Lota, Chile",earthquake,,,,,reviewed,us,us
2010-09-06T03:20:46.000Z,-37.785,-73.423,39.3,5,mwc,73,65.9,,,us,usp000hkar,2022-08-08T23:17:40.752Z,"2 km NW of Cañete, Chile",earthquake,,,,,reviewed,guc,gcmt
2010-09-05T16:06:39.110Z,-18.935,-67.382,207.9,5.2,mwc,176,63.1,,0.97,us,usp000hk9z,2016-11-10T02:32:40.212Z,"64 km W of Challapata, Bolivia",earthquake,,,,,reviewed,us,gcmt
2010-08-25T13:14:37.640Z,-35.089,-72.246,31.7,5,mb,25,116.4,,0.94,us,usp000hjrm,2014-11-07T01:42:17.864Z,"31 km NNE of Constitución, Chile",earthquake,,,,2,reviewed,us,us
2010-08-25T12:02:37.000Z,-22.704,-69.184,76.9,5.1,mb,171,96.1,,,us,usp000hjrk,2022-07-18T19:06:07.947Z,"38 km SW of Calama, Chile",earthquake,,,,26,reviewed,guc,us
2010-08-25T02:35:02.000Z,-21.172,-68.912,122.5,5.1,mwc,171,85.5,,,us,usp000hjqt,2022-07-18T19:04:30.284Z,"142 km N of Calama, Chile",earthquake,,,,,reviewed,guc,gcmt
2010-08-22T08:06:32.600Z,-21.135,-67.269,152.5,5.1,mb,160,48.7,,1.03,us,usp000hjky,2014-11-07T01:42:17.126Z,"87 km SSW of Uyuni, Bolivia",earthquake,,5.5,,31,reviewed,us,us
2010-08-22T03:49:58.000Z,-36.532,-73.718,19.1,5,mb,150,69.6,,,us,usp000hjkp,2022-07-18T18:56:18.120Z,"57 km WNW of Talcahuano, Chile",earthquake,,,,78,reviewed,guc,us
2010-08-21T14:54:57.190Z,-27.544,-67.345,142.1,5.1,mb,42,56,,1.12,us,usp000hjjt,2014-11-07T01:42:16.840Z,"28 km NW of Londres, Argentina",earthquake,,,,9,reviewed,us,us
2010-08-15T07:50:36.090Z,-36.814,-71.101,8.9,5.2,mwc,187,73.5,,0.89,us,usp000hj7w,2022-07-18T18:35:47.176Z,"36 km WNW of Las Ovejas, Argentina",earthquake,,11.6,,,reviewed,us,gcmt
2010-08-09T12:13:43.000Z,-38.717,-73.149,38.7,5,mb,124,63.2,,,us,usp000hhtg,2022-08-08T23:18:42.125Z,"1 km ESE of Carahue, Chile",earthquake,,,,73,reviewed,guc,us
2010-08-06T21:05:28.270Z,-38.255,-73.501,23,5,mb,76,64.5,,1,us,usp000hhpa,2022-07-18T18:05:52.822Z,"51 km S of Cañete, Chile",earthquake,,16.7,,28,reviewed,us,us
2010-08-05T20:35:51.110Z,-19.958,-70.357,42.7,5.2,mwc,188,96.7,,0.93,us,usp000hhmb,2022-07-18T17:56:27.707Z,"35 km NW of Iquique, Chile",earthquake,,,,,reviewed,us,gcmt
2010-08-05T06:27:16.130Z,-37.432,-73.323,23.7,5.4,mwc,168,42.2,,0.94,us,usp000hhk0,2022-07-18T17:50:22.495Z,"5 km NNE of Curanilahue, Chile",earthquake,,,,,reviewed,us,gcmt
2010-08-05T06:01:47.440Z,-37.443,-73.281,18,5.9,mwc,231,35,,0.9,us,usp000hhjy,2022-08-09T03:35:58.879Z,"6 km NE of Curanilahue, Chile",earthquake,,,,,reviewed,us,gcmt
2010-08-04T04:24:36.260Z,-23.91,-66.649,178.4,5.1,mwc,288,41.8,,0.9,us,usp000hhfc,2016-11-09T08:30:26.601Z,"47 km NW of San Antonio de los Cobres, Argentina",earthquake,,4.3,,,reviewed,us,gcmt
2010-08-03T05:29:18.000Z,-19.932,-70.334,33.3,5.1,mwc,216,96.7,,0.73,us,usp000hhdt,2022-07-18T17:31:32.637Z,"36 km NNW of Iquique, Chile",earthquake,,9.7,,,reviewed,us,gcmt
2010-07-30T12:10:54.000Z,-37.425,-73.642,15.9,5.1,ml,15,146.3,,,us,usp000hh5j,2014-11-07T01:42:04.734Z,"20 km N of Lebu, Chile",earthquake,,,,,reviewed,guc,guc
2010-07-26T17:31:31.260Z,-24.053,-66.825,193.2,5.6,mwb,336,33.8,,0.92,us,usp000hgvd,2022-05-02T22:05:35.557Z,"54 km WNW of San Antonio de los Cobres, Argentina",earthquake,,,,,reviewed,us,us
2010-07-24T21:46:36.000Z,-34.007,-72.308,23.5,5.2,mb,202,63.8,,,us,usp000hgqq,2022-07-18T17:06:59.435Z,"79 km SW of San Antonio, Chile",earthquake,,,,105,reviewed,guc,us
2010-07-18T22:59:04.000Z,-37.28,-73.844,18.3,5,mb,47,116,,,us,usp000hfqw,2014-11-07T01:41:55.349Z,"40 km NNW of Lebu, Chile",earthquake,,,,9,reviewed,guc,us
2010-07-18T03:29:37.000Z,-41.947,-73.838,45,5,mb,119,75.3,,,us,usp000hfdk,2022-07-18T16:34:45.747Z,"8 km SSW of Ancud, Chile",earthquake,,,,65,reviewed,guc,us
2010-07-17T06:07:43.550Z,-24.715,-69.817,55,5.5,mwb,363,41.5,,0.88,us,usp000hfcn,2022-07-18T16:29:56.547Z,"102 km NE of Taltal, Chile",earthquake,,,,,reviewed,us,us
2010-07-16T02:25:23.960Z,-21.281,-68.244,120.1,5.1,mwc,220,47.4,,0.85,us,usp000hfbc,2016-11-10T02:30:41.144Z,"147 km NNE of Calama, Chile",earthquake,,3.9,,,reviewed,us,gcmt
2010-07-15T01:02:02.000Z,-38.133,-74.169,27.2,5,mb,85,115.3,,,us,usp000hfa8,2014-11-07T01:41:53.336Z,"73 km SW of Lebu, Chile",earthquake,,,,52,reviewed,guc,us
2010-07-15T00:36:02.000Z,-34.153,-72.303,8.8,5.4,mwc,128,52.6,,,us,usp000hfa7,2022-07-18T16:16:15.773Z,"89 km SW of San Antonio, Chile",earthquake,,,,,reviewed,guc,gcmt
2010-07-14T15:05:50.400Z,-38.224,-73.23,35,5.8,mwc,192,42.4,,1.11,us,usp000hf9k,2022-07-18T16:14:38.543Z,"49 km W of Traiguén, Chile",earthquake,,,,,reviewed,us,gcmt
2010-07-14T08:32:21.490Z,-38.067,-73.31,22,6.6,mwc,295,52.8,,0.86,us,usp000hf8z,2022-08-09T03:08:25.772Z,"30 km SSE of Cañete, Chile",earthquake,,,,,reviewed,us,gcmt
2010-07-14T08:21:14.370Z,-38.098,-73.412,35,5.1,mb,164,65,,0.68,us,usp000hf8x,2022-07-18T16:11:28.046Z,"32 km S of Cañete, Chile",earthquake,,,,117,reviewed,us,us
2010-07-12T00:11:21.250Z,-22.146,-68.216,115,6.3,mwb,510,17,,0.92,us,usp000hf5z,2022-07-18T16:06:48.092Z,"80 km ENE of Calama, Chile",earthquake,,,,,reviewed,us,us
2010-07-09T22:57:17.810Z,-46.06,-75.589,14.9,5.3,mwc,68,108,,0.95,us,usp000hf2z,2022-05-02T22:02:49.614Z,"225 km WSW of Puerto Chacabuco, Chile",earthquake,,3.9,,,reviewed,us,gcmt
2010-07-06T13:54:02.140Z,-35.619,-71.953,47.2,5,mb,113,115.8,,0.73,us,usp000heyy,2022-07-18T15:47:24.773Z,"20 km W of San Javier, Chile",earthquake,,,,53,reviewed,us,us
2010-07-03T00:05:06.000Z,-34.775,-71.638,54.8,5.1,mwc,206,76.7,,,us,usp000heub,2022-07-18T15:33:21.828Z,"29 km WSW of Santa Cruz, Chile",earthquake,,,,,reviewed,guc,gcmt
2010-07-01T20:58:22.790Z,-35.655,-72.36,24.4,5.1,mb,113,90.3,,0.8,us,usp000hesr,2022-07-18T15:30:05.798Z,"34 km N of Cauquenes, Chile",earthquake,,15.4,,72,reviewed,us,us
2010-06-30T22:24:24.000Z,-21.478,-68.572,131.2,5,mb,179,113.2,,,us,usp000herd,2014-11-07T01:41:45.991Z,"114 km NNE of Calama, Chile",earthquake,,,,103,reviewed,guc,us
2010-06-29T01:40:00.590Z,-37.836,-73.278,17,5.5,mwc,389,22.6,,0.82,us,usp000hep7,2022-08-09T03:20:32.235Z,"11 km ESE of Cañete, Chile",earthquake,,,,,reviewed,us,gcmt
2010-06-28T00:59:47.000Z,-37.91,-75.038,28.2,5.6,mwc,300,47.9,,,us,usp000hemk,2022-07-18T15:12:34.339Z,"126 km WSW of Lebu, Chile",earthquake,,,,,reviewed,guc,gcmt
2010-06-27T07:15:51.450Z,-36.875,-73.48,35,5,mwc,148,69.1,,1.1,us,usp000hekf,2022-07-16T16:27:08.510Z,"35 km WNW of Coronel, Chile",earthquake,,,,,reviewed,us,gcmt
2010-06-26T19:01:18.490Z,-18.927,-69.164,104.4,5.4,mwc,332,35.2,,1.05,us,usp000hejp,2022-07-16T16:21:36.156Z,"129 km ESE of Arica, Chile",earthquake,,,,,reviewed,us,gcmt
2010-06-24T13:24:09.530Z,-36.875,-73.535,35,5,mwc,89,143.2,,1.02,us,usp000hefj,2022-07-16T16:06:43.898Z,"39 km WNW of Coronel, Chile",earthquake,,,,,reviewed,us,gcmt
2010-06-13T02:20:22.780Z,-17.957,-66.778,269.5,5,mb,302,45.9,,0.96,us,usp000hdwu,2014-11-07T01:41:40.577Z,"35 km NE of Machacamarca, Bolivia",earthquake,,5.5,,132,reviewed,us,us
2010-06-12T03:51:53.000Z,-28.383,-71.345,34.3,5.2,mwc,183,36.1,,,us,usp000hdvf,2022-07-16T15:23:04.779Z,"61 km WNW of Vallenar, Chile",earthquake,,,,,reviewed,guc,gcmt
2010-06-11T08:54:19.490Z,-34.753,-71.822,39.6,5,mb,150,53.3,,1.08,us,usp000hdu8,2022-08-08T23:19:42.886Z,"43 km WSW of Santa Cruz, Chile",earthquake,,8.8,,86,reviewed,us,us
2010-06-08T06:32:24.070Z,-17.302,-72.593,36.3,5.1,mwc,119,94.6,,0.94,us,usp000hdqh,2016-11-10T02:29:17.203Z,"62 km WSW of Islay (Matarani), Peru",earthquake,,6.7,,,reviewed,us,gcmt
2010-06-01T16:05:29.580Z,-36.819,-73.505,14.6,5.6,mwb,62,115.8,,1.1,us,usp000hdf9,2022-07-16T14:41:36.297Z,"36 km WSW of Talcahuano, Chile",earthquake,,20.2,,,reviewed,us,us
2010-05-27T22:20:13.000Z,-37.339,-74.257,28.4,5.2,mb,126,67.8,,,us,usp000hd8y,2022-07-16T14:26:43.573Z,"61 km WNW of Lebu, Chile",earthquake,,,,62,reviewed,guc,us
2010-05-25T13:09:26.030Z,-37.617,-72.852,34.8,5.3,mwc,158,66.8,,0.85,us,usp000hd5m,2022-07-16T14:12:26.887Z,"20 km SW of Nacimiento, Chile",earthquake,,,,,reviewed,us,gcmt
2010-05-24T23:57:37.500Z,-36.25,-73.106,35,5.3,mwc,84,114.1,,1.09,us,usp000hd4z,2022-07-16T14:09:11.539Z,"42 km NNW of Tomé, Chile",earthquake,,,,,reviewed,us,gcmt
2010-05-21T18:52:06.000Z,-34.64,-71.969,7.3,5.3,mwc,363,34.2,,,us,usp000hd0s,2022-07-16T13:54:48.008Z,"55 km W of Santa Cruz, Chile",earthquake,,,,,reviewed,guc,gcmt
2010-05-21T13:02:21.740Z,-25.808,-66.736,10,5.1,mwc,40,94.4,,0.95,us,usp000hd0g,2022-05-02T22:36:04.820Z,"72 km ENE of Antofagasta de la Sierra, Argentina",earthquake,,,,,reviewed,us,gcmt
2010-05-13T20:39:15.240Z,-34.213,-72.143,39,5.2,mwc,66,77.8,,0.82,us,usp000hcqh,2022-05-02T21:56:13.942Z,"84 km SW of San Antonio, Chile",earthquake,,7.9,,,reviewed,us,gcmt
2010-05-09T03:29:38.560Z,-33.934,-72.063,32.1,5,mwc,115,117.7,,0.75,us,usp000hche,2022-07-16T13:08:38.291Z,"56 km SW of San Antonio, Chile",earthquake,,10.7,,,reviewed,us,gcmt
2010-05-06T02:42:47.940Z,-18.058,-70.547,37,6.2,mwc,455,11.8,,0.73,us,usp000hccn,2022-07-16T12:56:13.699Z,"21 km S of Las Yaras, Peru",earthquake,,,,,reviewed,us,us
2010-05-05T15:24:10.680Z,-35.56,-72.939,30.1,5.4,mwc,119,71.9,,0.79,us,usp000hcbw,2022-07-16T12:51:32.494Z,"54 km WSW of Constitución, Chile",earthquake,,,,,reviewed,us,gcmt
2010-05-04T16:12:55.230Z,-21.886,-68.251,91.9,5.3,mwc,224,47.4,,0.84,us,usp000hcak,2022-07-16T12:43:41.399Z,"93 km NE of Calama, Chile",earthquake,,4.7,,,reviewed,us,gcmt
2010-05-04T13:55:06.530Z,-34.152,-72.247,22.3,5.2,mwc,61,116.1,,0.96,us,usp000hcac,2022-07-16T12:42:06.949Z,"85 km SW of San Antonio, Chile",earthquake,,15.7,,,reviewed,us,gcmt
2010-05-03T23:09:44.790Z,-38.072,-73.454,19,6.3,mwc,262,54.7,,1.07,us,usp000hc9m,2022-08-09T03:54:16.179Z,"30 km S of Cañete, Chile",earthquake,,,,,reviewed,us,us
2010-05-03T18:39:44.690Z,-37.232,-73.686,35,5.4,mwc,78,68.4,,0.9,us,usp000hc9d,2022-07-16T12:37:19.574Z,"32 km W of Arauco, Chile",earthquake,,,,,reviewed,us,gcmt
2010-05-02T14:52:40.030Z,-34.228,-71.877,13,5.9,mwb,292,34.1,,0.79,us,usp000hc7j,2022-08-09T03:37:03.270Z,"65 km NW of Santa Cruz, Chile",earthquake,,,,,reviewed,us,us
2010-05-01T21:01:34.250Z,-21.08,-68.594,108.7,5,mwc,172,52,,1.07,us,usp000hc64,2022-07-16T12:22:58.271Z,"156 km NNE of Calama, Chile",earthquake,,4.2,,,reviewed,us,gcmt
2010-05-01T14:41:05.000Z,-33.19,-72.307,35.3,5,mb,88,80.5,,,us,usp000hc5r,2022-07-16T12:21:25.916Z,"65 km WSW of Valparaíso, Chile",earthquake,,,,46,reviewed,guc,us
2010-04-29T13:40:13.000Z,-36.852,-73.176,33.9,5,mb,83,138.3,,,us,usp000hc2r,2022-07-16T12:10:20.653Z,"11 km WSW of Concepción, Chile",earthquake,,,,51,reviewed,guc,us
2010-04-29T07:56:34.150Z,-36.858,-73.616,35,5.1,mwc,119,133.8,,0.96,us,usp000hc2b,2022-07-16T12:08:44.132Z,"46 km WNW of Coronel, Chile",earthquake,,,,,reviewed,us,gcmt
2010-04-25T15:42:23.430Z,-37.526,-72.879,40.6,5,mb,82,116.9,,0.74,us,usp000hbw4,2022-08-08T23:20:43.625Z,"18 km W of Nacimiento, Chile",earthquake,,,,43,reviewed,us,us
2010-04-23T10:03:06.180Z,-37.529,-72.969,32,6,mwc,237,36,,0.86,us,usp000hbtp,2022-08-09T04:08:07.308Z,"26 km W of Nacimiento, Chile",earthquake,,,,,reviewed,us,gcmt
2010-04-19T07:32:48.890Z,-37.519,-73.68,25.8,5.2,mwc,123,69.9,,0.94,us,usp000hbnd,2022-07-16T11:16:24.373Z,"10 km NNW of Lebu, Chile",earthquake,,,,,reviewed,us,gcmt
2010-04-18T02:52:18.450Z,-37.167,-73.759,19.9,5.1,mwc,108,104.9,,0.96,us,usp000hbk9,2022-07-16T11:06:26.396Z,"40 km WNW of Arauco, Chile",earthquake,,16.7,,,reviewed,us,gcmt
2010-04-18T01:49:38.500Z,-37.159,-73.753,29.9,5.6,mwc,147,68.4,,0.96,us,usp000hbk2,2022-07-16T11:04:40.806Z,"39 km WNW of Arauco, Chile",earthquake,,13.2,,,reviewed,us,gcmt
2010-04-16T23:15:36.440Z,-37.42,-73.669,24,5.7,mwc,202,29.5,,0.88,us,usp000hbh2,2022-07-16T10:55:03.230Z,"20 km N of Lebu, Chile",earthquake,,,,,reviewed,us,gcmt
2010-04-16T22:41:33.880Z,-37.46,-73.732,6,5.7,mwb,123,54.2,,0.85,us,usp000hbgx,2022-08-09T03:26:46.256Z,"17 km NNW of Lebu, Chile",earthquake,,,,,reviewed,us,us
2010-04-16T22:38:27.060Z,-37.503,-73.687,35,5,mb,98,47.4,,0.81,us,usp000hbgw,2014-11-07T01:41:16.822Z,"12 km NNW of Lebu, Chile",earthquake,,,,51,reviewed,us,us
2010-04-10T21:29:04.720Z,-34.64,-71.633,54.5,5,mb,45,140.4,,0.74,us,usp000hb50,2014-11-07T01:41:14.831Z,"24 km W of Santa Cruz, Chile",earthquake,,11.8,,26,reviewed,us,us
2010-04-10T15:06:34.070Z,-25.68,-70.667,49.5,5.5,mwb,256,41.8,,1.23,us,usp000hb4h,2022-07-16T10:20:27.984Z,"Near the coast of Antofagasta, Chile",earthquake,,,,,reviewed,us,us
2010-04-09T22:23:02.980Z,-28.559,-68.124,117.7,5.8,mwb,364,18.3,,0.76,us,usp000hb2t,2022-07-16T10:17:26.921Z,"23 km NNE of Vinchina, Argentina",earthquake,,,,,reviewed,us,us
2010-04-06T13:04:44.070Z,-35.043,-72.689,35.6,5.1,mb,106,74.8,,0.81,us,usp000harp,2022-07-16T09:56:44.035Z,"40 km NW of Constitución, Chile",earthquake,,5.9,,45,reviewed,us,us
2010-04-05T22:36:57.230Z,-19.86,-68.842,94.2,5.8,mwc,367,33.3,,0.91,us,usp000hana,2022-05-02T21:52:49.393Z,"142 km ENE of Iquique, Chile",earthquake,,2.9,,,reviewed,us,gcmt
2010-04-02T22:58:07.560Z,-36.227,-72.878,24,6,mwc,353,34.2,,0.81,us,usp000ha96,2022-08-09T04:09:18.579Z,"30 km W of Quirihue, Chile",earthquake,,,,,reviewed,us,gcmt
2010-04-02T19:34:10.840Z,-36.119,-72.697,37.5,5.1,mb,159,71.5,,0.84,us,usp000ha8z,2022-07-16T09:36:38.667Z,"22 km NW of Quirihue, Chile",earthquake,,4.5,,85,reviewed,us,us
2010-04-01T19:43:02.300Z,-34.199,-72.104,36.4,5.1,mwc,91,77.9,,0.92,us,usp000ha7c,2022-07-16T09:31:36.613Z,"81 km SW of San Antonio, Chile",earthquake,,5.6,,,reviewed,us,gcmt
2010-04-01T12:53:07.610Z,-34.649,-71.82,11.8,5.1,mwc,192,53.2,,0.85,us,usp000ha6u,2022-07-16T09:25:18.301Z,"41 km W of Santa Cruz, Chile",earthquake,,5,,,reviewed,us,gcmt
2010-03-29T07:35:06.000Z,-34.881,-71.935,34.1,5.4,mwb,237,78.2,,,us,usp000ha3t,2022-07-16T09:15:09.904Z,"56 km W of Rauco, Chile",earthquake,,,,,reviewed,guc,us
2010-03-28T21:43:13.550Z,-35.406,-72.897,21.5,5.6,mwc,214,53.2,,1.12,us,usp000ha3f,2022-08-09T03:23:51.440Z,"44 km W of Constitución, Chile",earthquake,,2.8,,,reviewed,us,gcmt
2010-03-28T21:38:28.000Z,-35.387,-73.385,29.9,6,mwb,259,53,,,us,usp000ha3d,2022-08-09T04:10:23.550Z,"88 km W of Constitución, Chile",earthquake,,,,,reviewed,guc,us
2010-03-28T14:36:34.330Z,-36.139,-73.449,35,5.2,mwc,38,114.8,,0.93,us,usp000ha2r,2022-07-16T09:13:32.890Z,"69 km NW of Tomé, Chile",earthquake,,,,,reviewed,us,gcmt
2010-03-26T14:52:07.230Z,-27.953,-70.821,42,6.3,mwb,387,21.1,,0.9,us,usp000ha0a,2022-07-16T09:03:58.208Z,"69 km N of Vallenar, Chile",earthquake,,,,,reviewed,us,us
2010-03-25T13:57:52.000Z,-35.989,-72.725,33.8,5,mb,69,115.7,,,us,usp000h9yw,2022-07-16T08:55:54.360Z,"36 km NNW of Quirihue, Chile",earthquake,,,,37,reviewed,guc,us
2010-03-25T11:10:41.620Z,-35.835,-73.046,35,5.3,mwc,78,116.4,,1.2,us,usp000h9yr,2022-07-16T08:54:17.317Z,"66 km WNW of Cauquenes, Chile",earthquake,,,,,reviewed,us,gcmt
2010-03-24T11:30:12.100Z,-36.543,-73.526,30.7,5,mb,112,69.7,,0.86,us,usp000h9xp,2022-07-16T08:45:52.846Z,"41 km WNW of Talcahuano, Chile",earthquake,,,,44,reviewed,us,us
2010-03-24T00:05:14.580Z,-37.15,-73.557,19.1,5.1,mwc,46,132.8,,1.17,us,usp000h9x2,2022-07-16T08:42:41.866Z,"23 km WNW of Arauco, Chile",earthquake,,24.3,,,reviewed,us,gcmt
2010-03-23T03:44:58.930Z,-34.808,-73.82,35.3,5.1,mb,179,72.5,,0.74,us,usp000h9vu,2014-11-07T01:41:04.528Z,"141 km WNW of Constitución, Chile",earthquake,,6.9,,111,reviewed,us,us
2010-03-22T01:00:41.200Z,-16.186,-69.515,188.7,5.3,mwc,260,43.1,,0.93,us,usp000h9u1,2022-07-16T08:34:39.131Z,"7 km WNW of Juli, Peru",earthquake,,3.9,,,reviewed,us,gcmt
2010-03-21T18:31:04.100Z,-36.344,-73.164,36.2,5.5,mwb,250,51.3,,0.91,us,usp000h9tf,2022-07-16T08:31:27.942Z,"35 km NNW of Tomé, Chile",earthquake,,7.1,,,reviewed,us,us
2010-03-20T21:21:09.000Z,-34.685,-72.084,24.2,5.2,mb,217,114,,,us,usp000h9ry,2022-05-02T21:51:40.395Z,"66 km W of Santa Cruz, Chile",earthquake,,,,145,reviewed,guc,us
2010-03-20T10:04:37.160Z,-34.406,-71.723,39.8,5,mb,137,75,,0.8,us,usp000h9r5,2022-08-08T23:21:44.042Z,"41 km NW of Santa Cruz, Chile",earthquake,,6.4,,75,reviewed,us,us
2010-03-19T17:10:45.000Z,-34.44,-72.04,16.3,5.2,mb,196,77.3,,,us,usp000h9pz,2022-07-16T08:18:28.363Z,"65 km WNW of Santa Cruz, Chile",earthquake,,,,26,reviewed,guc,us
2010-03-19T14:20:47.540Z,-33.251,-72.113,35,5.2,mwc,105,114,,0.91,us,usp000h9py,2022-07-16T08:16:52.445Z,"51 km WSW of Valparaíso, Chile",earthquake,,,,,reviewed,us,gcmt
2010-03-19T08:54:44.000Z,-35.541,-73.475,14.4,5.5,mwc,264,60.2,,,us,usp000h9p8,2022-07-16T08:13:41.253Z,"99 km WSW of Constitución, Chile",earthquake,,,,,reviewed,guc,gcmt
2010-03-19T02:55:53.220Z,-33.531,-72.172,26.9,5.2,mwc,115,115.2,,0.8,us,usp000h9nv,2022-07-16T08:12:05.055Z,"52 km W of Cartagena, Chile",earthquake,,11.9,,,reviewed,us,gcmt
2010-03-18T19:49:36.000Z,-21.787,-68.64,144.6,5,mwc,89,98.1,,,us,usp000h9nc,2016-11-10T02:26:00.242Z,"79 km NNE of Calama, Chile",earthquake,,,,,reviewed,guc,gcmt
2010-03-18T09:32:21.000Z,-44.179,-72.832,4.4,5.2,mwc,117,110.8,,,us,usp000h9mm,2022-07-16T08:07:19.805Z,"41 km WSW of La Junta, Chile",earthquake,,,,,reviewed,guc,gcmt
2010-03-18T03:18:22.000Z,-34.361,-72.008,35,5.1,mwc,160,74.8,,,us,usp000h9kt,2022-07-16T08:02:29.804Z,"66 km WNW of Santa Cruz, Chile",earthquake,,,,,reviewed,guc,gcmt
2010-03-18T01:57:29.570Z,-36.569,-72.773,28.4,5.2,mwc,137,87.6,,0.92,us,usp000h9kq,2022-07-16T08:00:48.256Z,"17 km ENE of Tomé, Chile",earthquake,,,,,reviewed,us,gcmt
2010-03-17T19:00:06.800Z,-36.596,-72.91,27.1,5,mb,103,114.5,,0.95,us,usp000h9k6,2022-07-16T07:57:29.974Z,"4 km ENE of Tomé, Chile",earthquake,,,,56,reviewed,us,us
2010-03-17T18:29:37.580Z,-35.444,-73.041,22.1,5.1,mwc,54,116.2,,1.09,us,usp000h9k4,2016-11-10T02:25:55.781Z,"58 km WSW of Constitución, Chile",earthquake,,,,,reviewed,us,gcmt
2010-03-17T17:38:33.060Z,-43.842,-72.569,10,5.4,mwc,116,47.3,,0.91,us,usp000h9k2,2022-07-16T07:55:51.783Z,"19 km NW of La Junta, Chile",earthquake,,,,,reviewed,us,gcmt
2010-03-16T03:04:39.990Z,-36.405,-73.074,42.3,5.9,mwc,233,81.7,,1.02,us,usp000h9fv,2022-07-16T07:44:52.025Z,"25 km NNW of Tomé, Chile",earthquake,,8.2,,,reviewed,us,gcmt
2010-03-16T02:21:57.940Z,-36.217,-73.257,18,6.7,mwc,312,34.7,,0.93,us,usp000h9fs,2022-08-09T03:10:41.924Z,"52 km NNW of Tomé, Chile",earthquake,,,,,reviewed,us,us
2010-03-15T12:13:16.550Z,-36.075,-73.178,35,5,mb,46,116.4,,1.19,us,usp000h9en,2014-11-07T01:41:02.015Z,"61 km WNW of Quirihue, Chile",earthquake,,,,37,reviewed,us,us
2010-03-15T11:08:28.960Z,-35.802,-73.158,14,6.2,mwc,238,35.6,,1.01,us,usp000h9eg,2022-08-09T03:56:20.083Z,"76 km NW of Quirihue, Chile",earthquake,,,,,reviewed,us,gcmt
2010-03-15T00:42:51.900Z,-34.376,-72.035,32.4,5.1,mb,92,114.4,,,us,usp000h9ds,2022-07-16T07:38:27.085Z,"68 km WNW of Santa Cruz, Chile",earthquake,,,,34,reviewed,guc,us
2010-03-14T20:04:54.540Z,-38.526,-73.534,13,5.6,mwb,219,35.3,,0.91,us,usp000h9dd,2022-07-16T07:35:18.211Z,"38 km WNW of Carahue, Chile",earthquake,,,,,reviewed,us,us
2010-03-14T19:10:46.100Z,-34.932,-72.565,32,5,mb,66,73.3,,,us,usp000h9db,2022-07-16T07:33:40.077Z,"46 km NNW of Constitución, Chile",earthquake,,,,30,reviewed,guc,us
2010-03-14T14:01:18.190Z,-38.438,-73.596,35,5,mb,65,66.2,,1,us,usp000h9cz,2022-07-16T07:32:02.247Z,"48 km NW of Carahue, Chile",earthquake,,,,25,reviewed,us,us
2010-03-14T13:52:22.690Z,-38.502,-73.653,23.2,5.5,mwc,165,63.7,,0.85,us,usp000h9cx,2022-07-16T07:30:29.161Z,"48 km WNW of Carahue, Chile",earthquake,,10.1,,,reviewed,us,gcmt
2010-03-14T07:31:24.990Z,-34.227,-71.768,35,5.2,mwc,259,34.1,,0.79,us,usp000h9ce,2022-07-16T07:27:02.878Z,"58 km NW of Santa Cruz, Chile",earthquake,,,,,reviewed,us,gcmt
2010-03-13T20:20:26.360Z,-36.825,-73.702,37.3,5.3,mwc,51,135.6,,0.99,us,usp000h9bb,2022-07-16T07:22:16.970Z,"53 km WSW of Talcahuano, Chile",earthquake,,10.9,,,reviewed,us,gcmt
2010-03-13T15:22:35.900Z,-34.56,-71.747,36.4,5.2,mwc,143,74.7,,,us,usp000h9at,2022-07-16T07:19:05.560Z,"36 km WNW of Santa Cruz, Chile",earthquake,,,,,reviewed,guc,gcmt
2010-03-13T10:34:43.360Z,-37.551,-73.465,35,5.8,mwc,168,54.3,,0.87,us,usp000h9ae,2022-08-09T03:30:50.049Z,"13 km SW of Curanilahue, Chile",earthquake,,,,,reviewed,us,gcmt
2010-03-13T07:12:03.300Z,-34.392,-71.931,3.9,5.1,mwc,171,114.5,,,us,usp000h9a3,2022-07-16T07:14:03.997Z,"58 km WNW of Santa Cruz, Chile",earthquake,,,,,reviewed,guc,gcmt
2010-03-13T03:19:07.100Z,-36.725,-73.5,30.7,5.4,mwc,195,52.9,,,us,usp000h99w,2022-07-16T07:09:17.531Z,"34 km W of Talcahuano, Chile",earthquake,,,,,reviewed,guc,gcmt
2010-03-13T03:15:01.400Z,-36.685,-73.612,15,5.3,mwc,187,53.7,,,us,usp000h99v,2022-05-02T21:46:17.059Z,"44 km W of Talcahuano, Chile",earthquake,,,,,reviewed,guc,gcmt
2010-03-12T16:50:01.700Z,-34.233,-71.917,7,5.8,mwb,335,31.2,,0.93,us,usp000h98u,2022-08-09T03:31:53.977Z,"67 km NW of Santa Cruz, Chile",earthquake,,,,,reviewed,us,us
2010-03-12T16:04:51.200Z,-34.337,-71.942,36,5,mb,141,77.7,,,us,usp000h98s,2022-07-16T06:59:52.392Z,"62 km WNW of Santa Cruz, Chile",earthquake,,,,79,reviewed,guc,us
2010-03-12T10:32:35.310Z,-37.695,-73.786,35,5.1,mwc,34,134.6,,1.08,us,usp000h97y,2022-05-02T21:48:59.136Z,"15 km SW of Lebu, Chile",earthquake,,,,,reviewed,us,gcmt
2010-03-12T06:10:34.400Z,-34.488,-71.823,22.9,5,mb,154,113.9,,,us,usp000h979,2022-07-16T06:55:10.522Z,"Libertador General Bernardo O'Higgins, Chile",earthquake,,,,89,reviewed,guc,us
2010-03-12T01:46:55.900Z,-34.417,-71.985,7.3,5,mb,142,97.2,,,us,usp000h96k,2022-07-16T06:53:35.304Z,"61 km WNW of Santa Cruz, Chile",earthquake,,,,66,reviewed,guc,us
2010-03-11T22:34:03.910Z,-37.705,-73.651,24.5,5.3,mwc,283,66,,1.01,us,usp000h96a,2022-07-16T06:50:25.658Z,"10 km S of Lebu, Chile",earthquake,,1.5,,,reviewed,us,gcmt
2010-03-11T21:50:03.300Z,-34.416,-72.006,9.6,5.2,mb,259,77.4,,,us,usp000h966,2022-07-16T06:47:15.010Z,"63 km WNW of Santa Cruz, Chile",earthquake,,,,97,reviewed,guc,us
2010-03-11T20:11:20.400Z,-34.381,-71.979,8,5.6,mwc,262,52.9,,,us,usp000h95z,2022-07-16T06:45:38.159Z,"63 km WNW of Santa Cruz, Chile",earthquake,,,,,reviewed,guc,gcmt
2010-03-11T19:28:06.400Z,-34.346,-71.976,33.2,5.4,mb,244,41.3,,,us,usp000h95v,2022-07-16T06:43:57.061Z,"64 km WNW of Santa Cruz, Chile",earthquake,,,,141,reviewed,guc,us
2010-03-11T18:20:23.030Z,-34.469,-71.978,35,5,mb,53,116.3,,0.97,us,usp000h95p,2022-05-02T21:45:07.948Z,"59 km WNW of Santa Cruz, Chile",earthquake,,,,17,reviewed,us,us
2010-03-11T17:18:49.720Z,-34.293,-71.906,17.9,5.2,mb,92,75,,0.91,us,usp000h95g,2022-07-16T06:32:42.854Z,"62 km NW of Santa Cruz, Chile",earthquake,,8,,29,reviewed,us,us
2010-03-11T16:56:33.760Z,-34.393,-71.802,39.7,5.3,mb,110,53,,0.98,us,usp000h95e,2022-07-16T06:42:19.105Z,"48 km NW of Santa Cruz, Chile",earthquake,,6.3,,41,reviewed,us,us
2010-03-11T15:54:35.600Z,-34.507,-72.124,12.7,5,mb,90,74.4,,,us,usp000h956,2022-07-16T06:39:06.381Z,"71 km WNW of Santa Cruz, Chile",earthquake,,,,40,reviewed,guc,us
2010-03-11T15:34:50.010Z,-34.344,-71.728,27.5,5,mb,86,97.7,,0.91,us,usp000h952,2022-05-02T21:45:05.308Z,"46 km NW of Santa Cruz, Chile",earthquake,,14,,47,reviewed,us,us
2010-03-11T15:26:15.590Z,-34.245,-71.866,23,5.3,mb,106,78.1,,1.02,us,usp000h951,2022-07-16T06:40:42.916Z,"63 km NW of Santa Cruz, Chile",earthquake,,15.8,,54,reviewed,us,us
2010-03-11T15:06:02.130Z,-34.47,-72.004,31.5,6,mb,316,34.2,,1.04,us,usp000h94x,2022-08-09T04:11:34.896Z,"61 km WNW of Santa Cruz, Chile",earthquake,,5,,198,reviewed,us,us
2010-03-11T14:58:15.130Z,-34.614,-71.99,35,5.6,mb,29,53.1,,0.98,us,usp000h94w,2022-05-02T22:35:29.517Z,"57 km W of Santa Cruz, Chile",earthquake,,,,11,reviewed,us,us
2010-03-11T14:55:27.510Z,-34.326,-71.799,18,7,mwc,403,17.1,,1.02,us,usp000h94v,2022-08-09T03:49:26.132Z,"52 km NW of Santa Cruz, Chile",earthquake,,,,,reviewed,us,gcmt
2010-03-11T14:48:31.310Z,-34.255,-71.674,35,5.2,mb,54,53,,1.06,us,usp000h94u,2022-05-02T22:35:28.131Z,"51 km NNW of Santa Cruz, Chile",earthquake,,,,17,reviewed,us,us
2010-03-11T14:39:43.950Z,-34.29,-71.891,11,6.9,mwc,415,12.5,,0.85,us,usp000h94t,2022-08-09T03:49:40.422Z,"61 km NW of Santa Cruz, Chile",earthquake,,,,,reviewed,us,us
2010-03-11T12:44:12.980Z,-37.259,-73.512,41.6,5.1,mb,82,132.8,,1.04,us,usp000h94j,2022-05-02T22:35:25.390Z,"17 km W of Arauco, Chile",earthquake,,6.3,,54,reviewed,us,us
2010-03-10T16:00:51.970Z,-38.093,-74.906,22.9,5.1,mwc,54,135.1,,1.08,us,usp000h933,2016-11-10T02:25:32.213Z,"122 km WSW of Lebu, Chile",earthquake,,25.4,,,reviewed,us,gcmt
2010-03-10T12:20:58.920Z,-33.562,-72.298,35,5.6,mwc,187,33.9,,0.75,us,usp000h92q,2022-07-16T06:26:14.686Z,"64 km W of Cartagena, Chile",earthquake,,,,,reviewed,us,gcmt
2010-03-10T09:37:59.080Z,-36.934,-73.498,35,5.2,mb,80,68.4,,0.85,us,usp000h92h,2022-07-16T06:24:37.125Z,"33 km WNW of Coronel, Chile",earthquake,,,,23,reviewed,us,us
2010-03-10T09:04:09.900Z,-36.699,-73.189,27.3,5.1,mb,71,102.1,,,us,usp000h92g,2022-07-16T06:28:15.780Z,"7 km WNW of Talcahuano, Chile",earthquake,,,,36,reviewed,guc,us
2010-03-10T08:45:23.130Z,-34.992,-73.831,35,5.1,mwc,158,85.3,,0.83,us,usp000h92f,2022-07-16T06:21:17.874Z,"134 km WNW of Constitución, Chile",earthquake,,,,,reviewed,us,gcmt
2010-03-10T04:01:48.750Z,-37.156,-73.681,36.6,5.2,mwc,44,116.6,,0.96,us,usp000h91w,2022-07-16T06:19:39.823Z,"33 km WNW of Arauco, Chile",earthquake,,9.8,,,reviewed,us,gcmt
2010-03-10T02:41:48.000Z,-36.981,-72.718,32.2,5.2,mwc,221,35.9,,0.95,us,usp000h91s,2022-07-16T06:14:49.923Z,"19 km NW of Yumbel, Chile",earthquake,,,,,reviewed,us,gcmt
2010-03-09T22:10:50.680Z,-33.855,-72.324,36,5.1,mwc,82,115.9,,0.87,us,usp000h919,2022-07-16T06:11:33.774Z,"72 km WSW of San Antonio, Chile",earthquake,,6.5,,,reviewed,us,gcmt
2010-03-09T21:59:23.230Z,-34.765,-73.949,35,5,mb,99,77.9,,0.75,us,usp000h918,2014-11-07T01:40:57.943Z,"153 km WNW of Constitución, Chile",earthquake,,,,44,reviewed,us,us
2010-03-08T23:43:29.340Z,-32.569,-71.631,28.8,5,mb,87,115.7,,0.88,us,usp000h8zf,2022-07-16T06:01:54.098Z,"39 km WSW of La Ligua, Chile",earthquake,,15,,63,reviewed,us,us
2010-03-08T18:43:24.500Z,-32.714,-71.827,7.9,5.1,mb,99,82.5,,,us,usp000h8z1,2022-07-16T05:58:47.250Z,"40 km NNW of Valparaíso, Chile",earthquake,,,,40,reviewed,guc,us
2010-03-08T18:18:51.890Z,-32.634,-71.721,23.6,5,mb,84,115.7,,0.88,us,usp000h8z0,2014-11-07T01:40:57.639Z,"45 km N of Valparaíso, Chile",earthquake,,,,39,reviewed,us,us
2010-03-08T18:08:01.780Z,-32.614,-71.613,22.4,5.3,mwc,160,83.1,,0.97,us,usp000h8yz,2022-07-16T06:00:21.344Z,"40 km WSW of La Ligua, Chile",earthquake,,,,,reviewed,us,gcmt
2010-03-08T17:50:45.820Z,-32.595,-71.641,23.8,5.3,mwc,184,78.3,,0.83,us,usp000h8yx,2022-07-16T05:57:14.176Z,"41 km WSW of La Ligua, Chile",earthquake,,,,,reviewed,us,gcmt
2010-03-08T17:03:16.830Z,-25.712,-66.617,10,5.8,mwc,251,95.5,,1.03,us,usp000h8yu,2022-07-16T05:54:09.165Z,"75 km WNW of Cafayate, Argentina",earthquake,,,,,reviewed,us,gcmt
2010-03-08T16:49:51.780Z,-32.66,-71.644,21.8,5,mb,129,82.9,,0.77,us,usp000h8yr,2022-07-16T05:52:33.621Z,"41 km NNW of Viña del Mar, Chile",earthquake,,,,63,reviewed,us,us
2010-03-08T16:04:12.040Z,-35.947,-73.255,35,5,mb,37,116.3,,0.87,us,usp000h8yp,2014-11-07T01:40:57.545Z,"74 km WNW of Quirihue, Chile",earthquake,,,,9,reviewed,us,us
2010-03-08T13:47:23.440Z,-34.582,-71.58,39.6,5.1,mb,143,114.8,,0.76,us,usp000h8yb,2022-07-16T05:47:40.651Z,"20 km WNW of Santa Cruz, Chile",earthquake,,7.1,,91,reviewed,us,us
2010-03-08T13:03:43.840Z,-34.533,-73.82,34.7,5.1,mwc,72,89.2,,0.91,us,usp000h8y9,2016-11-10T02:25:25.062Z,"156 km NW of Constitución, Chile",earthquake,,16.9,,,reviewed,us,gcmt
2010-03-08T08:07:56.650Z,-33.781,-72.002,28.3,5.1,mb,209,80.8,,0.84,us,usp000h8xm,2022-07-16T05:42:53.456Z,"42 km WSW of San Antonio, Chile",earthquake,,1.7,,124,reviewed,us,us
2010-03-08T04:40:24.860Z,-33.233,-71.906,35,5,mb,59,145,,1.17,us,usp000h8x7,2022-07-16T05:41:16.104Z,"33 km SW of Valparaíso, Chile",earthquake,,,,37,reviewed,us,us
2010-03-07T23:46:57.750Z,-36.156,-73.042,24.9,5.1,mwc,273,53.3,,0.89,us,usp000h8wv,2022-07-16T05:37:58.879Z,"47 km WNW of Quirihue, Chile",earthquake,,,,,reviewed,us,gcmt
2010-03-07T22:00:35.600Z,-34.109,-71.977,9.7,5.2,mwc,340,32.6,,,us,usp000h8wt,2022-07-16T05:36:15.098Z,"66 km SSW of San Antonio, Chile",earthquake,,,,,reviewed,guc,gcmt
2010-03-07T18:36:00.240Z,-34.608,-71.906,35,5.3,mwc,115,91.3,,1.02,us,usp000h8wp,2022-07-16T05:34:36.445Z,"49 km W of Santa Cruz, Chile",earthquake,,,,,reviewed,us,gcmt
2010-03-07T16:18:28.840Z,-38.046,-73.5,21.4,5,mb,30,123.2,,0.73,us,usp000h8wf,2014-11-07T01:40:56.985Z,"28 km SSW of Cañete, Chile",earthquake,,,,5,reviewed,us,us
2010-03-07T15:59:44.600Z,-37.99,-73.3,26.8,5.9,mwc,225,52.2,,0.84,us,usp000h8wc,2022-08-09T03:38:04.991Z,"22 km SSE of Cañete, Chile",earthquake,,,,,reviewed,us,gcmt
2010-03-07T04:46:31.700Z,-33.166,-72.064,18.8,5.1,mwc,186,80.8,,,us,usp000h8vk,2022-07-16T05:29:51.018Z,"43 km WSW of Valparaíso, Chile",earthquake,,,,,reviewed,guc,gcmt
2010-03-06T18:03:22.860Z,-36.174,-72.972,35,5,mb,17,116.5,,1.43,us,usp000h8un,2014-11-07T01:40:56.701Z,"40 km WNW of Quirihue, Chile",earthquake,,,,2,reviewed,us,us
2010-03-06T15:19:06.990Z,-37.434,-73.711,35,5.2,mwc,78,52.6,,0.95,us,usp000h8ud,2022-05-02T21:43:20.903Z,"19 km NNW of Lebu, Chile",earthquake,,,,,reviewed,us,gcmt
2010-03-06T03:09:27.900Z,-34.636,-72.24,15,5,mb,127,103.4,,,us,usp000h8t9,2022-07-16T05:21:46.083Z,"78 km NNE of Constitución, Chile",earthquake,,,,64,reviewed,guc,us
2010-03-06T01:23:18.800Z,-37.057,-73.521,10,5.1,mb,175,56.9,,,us,usp000h8t0,2022-07-16T05:18:33.731Z,"27 km NW of Arauco, Chile",earthquake,,,,90,reviewed,guc,us
2010-03-05T21:15:48.600Z,-29.934,-71.917,31.7,5.2,mb,42,114.5,,,us,usp000h8sn,2022-07-16T05:15:20.746Z,"55 km W of Coquimbo, Chile",earthquake,,,,4,reviewed,guc,us
2010-03-05T12:28:58.490Z,-35.075,-72.367,35,5,mb,68,75,,0.88,us,usp000h8rx,2022-07-16T05:08:59.926Z,"28 km N of Constitución, Chile",earthquake,,,,32,reviewed,us,us
2010-03-05T12:01:53.110Z,-37.442,-73.506,35,5.2,mb,120,57.2,,0.97,us,usp000h8rv,2022-07-16T05:07:22.826Z,"14 km WNW of Curanilahue, Chile",earthquake,,,,76,reviewed,us,us
2010-03-05T11:47:06.820Z,-36.665,-73.374,18,6.6,mwb,255,27.8,,0.93,us,usp000h8rt,2022-05-02T21:51:29.149Z,"23 km WNW of Talcahuano, Chile",earthquake,,,,,reviewed,us,us
2010-03-05T10:31:23.390Z,-37.559,-73.643,37.1,5.2,mwc,110,67.8,,1.01,us,usp000h8rq,2022-05-02T21:43:42.163Z,"5 km N of Lebu, Chile",earthquake,,10.7,,,reviewed,us,gcmt
2010-03-05T09:19:36.380Z,-36.631,-73.223,29.9,6.1,mwc,315,38.5,,0.78,us,usp000h8rk,2022-08-09T04:02:51.445Z,"14 km NW of Talcahuano, Chile",earthquake,,7.3,,,reviewed,us,gcmt
2010-03-05T07:36:42.600Z,-35.112,-73.132,20,5.1,mwc,71,115.3,,,us,usp000h8ra,2022-07-16T05:04:05.874Z,"70 km WNW of Constitución, Chile",earthquake,,,,,reviewed,guc,gcmt
2010-03-05T03:55:14.300Z,-34.659,-71.755,34.1,5.3,mwc,219,35.6,,,us,usp000h8r0,2022-07-16T05:02:31.042Z,"35 km W of Santa Cruz, Chile",earthquake,,,,,reviewed,guc,gcmt
2010-03-05T03:34:28.600Z,-34.546,-71.85,8.5,5.4,mwc,313,34.2,,,us,usp000h8qy,2022-07-16T05:00:53.650Z,"45 km WNW of Santa Cruz, Chile",earthquake,,,,,reviewed,guc,gcmt
2010-03-04T22:39:26.530Z,-22.227,-68.328,114,6.3,mwb,498,17.7,,0.93,us,usp000h8qr,2022-07-16T04:59:10.950Z,"66 km ENE of Calama, Chile",earthquake,,,,,reviewed,us,us
2010-03-04T19:28:37.010Z,-34.541,-72.708,35,5.1,mb,61,116,,1.01,us,usp000h8qc,2022-07-16T04:55:57.420Z,"91 km NNW of Constitución, Chile",earthquake,,,,27,reviewed,us,us
2010-03-04T17:37:48.840Z,-34.18,-72.074,35,5.4,mwc,185,78,,0.78,us,usp000h8q3,2022-07-16T04:54:18.772Z,"77 km SSW of San Antonio, Chile",earthquake,,,,,reviewed,us,gcmt
2010-03-04T10:53:53.700Z,-35.869,-69.919,35,5,mb,68,116.6,,0.87,us,usp000h8pk,2022-07-16T04:52:39.265Z,"105 km N of Barrancas, Argentina",earthquake,,,,40,reviewed,us,us
2010-03-04T09:03:41.370Z,-37.647,-74.582,35,5,mwc,93,114.8,,0.9,us,usp000h8pc,2016-11-10T02:25:10.225Z,"82 km W of Lebu, Chile",earthquake,,,,,reviewed,us,gcmt
2010-03-04T04:23:29.390Z,-34.947,-71.985,35,5.1,mb,68,93.9,,1.01,us,usp000h8nv,2022-07-16T04:49:22.659Z,"57 km NE of Constitución, Chile",earthquake,,,,17,reviewed,us,us
2010-03-04T02:23:41.920Z,-33.296,-72.275,20.6,5,mb,102,115.6,,0.98,us,usp000h8nn,2014-11-07T01:40:54.873Z,"66 km WSW of Valparaíso, Chile",earthquake,,10.8,,46,reviewed,us,us
2010-03-04T02:14:39.680Z,-33.372,-72.251,38.3,5,mb,36,115.8,,0.85,us,usp000h8nm,2014-11-07T01:40:54.849Z,"63 km WNW of Cartagena, Chile",earthquake,,10,,13,reviewed,us,us
2010-03-04T01:59:48.670Z,-33.216,-72.125,24.2,6,mwc,302,76.7,,0.86,us,usp000h8nh,2022-08-09T04:12:39.729Z,"50 km WSW of Valparaíso, Chile",earthquake,,,,,reviewed,us,us
2010-03-03T21:24:01.520Z,-38.453,-73.554,35,5,mb,66,83.6,,1.06,us,usp000h8n1,2022-07-16T04:44:27.583Z,"44 km NW of Carahue, Chile",earthquake,,,,26,reviewed,us,us
2010-03-03T19:58:29.990Z,-33.412,-71.868,38.8,5.8,mwc,207,76.6,,1.05,us,usp000h8mx,2022-07-16T04:42:49.101Z,"28 km WNW of Cartagena, Chile",earthquake,,5.6,,,reviewed,us,gcmt
2010-03-03T17:44:25.040Z,-36.61,-73.36,20,6.1,mwc,232,69.5,,1.04,us,usp000h8mn,2022-08-09T04:03:55.363Z,"25 km WNW of Talcahuano, Chile",earthquake,,,,,reviewed,us,us
2010-03-03T06:16:22.750Z,-33.678,-72.043,35,5.2,mwc,89,114.2,,0.91,us,usp000h8kg,2022-07-16T04:36:21.131Z,"41 km WSW of San Antonio, Chile",earthquake,,,,,reviewed,us,gcmt
2010-03-03T04:42:27.120Z,-37.301,-73.799,35,5.1,mwc,19,146.4,,1.12,us,usp000h8k9,2016-11-10T02:25:06.249Z,"36 km NNW of Lebu, Chile",earthquake,,,,,reviewed,us,gcmt
2010-03-03T04:35:59.720Z,-37.582,-73.872,35.3,5.3,mwc,117,87,,1.24,us,usp000h8k8,2022-07-16T04:34:42.742Z,"19 km W of Lebu, Chile",earthquake,,4,,,reviewed,us,gcmt
2010-03-03T03:56:20.340Z,-33.329,-71.994,35.3,5,mb,50,150,,1.48,us,usp000h8k4,2014-11-07T01:40:53.937Z,"43 km NW of Cartagena, Chile",earthquake,,4.5,,28,reviewed,us,us
2010-03-03T01:51:20.100Z,-34.976,-72.665,32.1,5.3,mb,181,75,,0.75,us,usp000h8jy,2022-07-16T04:31:28.876Z,"45 km NNW of Constitución, Chile",earthquake,,10.9,,106,reviewed,us,us
2010-03-02T21:56:43.040Z,-30.257,-69.02,36.2,5.1,mb,123,85.5,,0.85,us,usp000h8jg,2022-07-16T04:29:52.856Z,"26 km W of San José de Jáchal, Argentina",earthquake,,5.9,,62,reviewed,us,us
2010-03-02T21:44:36.190Z,-36.48,-73.116,32.8,5,mwc,34,146,,1.21,us,usp000h8jf,2022-05-02T21:48:05.804Z,"20 km NW of Tomé, Chile",earthquake,,23.9,,,reviewed,us,gcmt
2010-03-02T19:12:56.390Z,-34.267,-72.171,40.5,5.6,mwc,137,74.8,,1.27,us,usp000h8j5,2022-05-02T21:41:22.042Z,"84 km WNW of Santa Cruz, Chile",earthquake,,11.3,,,reviewed,us,gcmt
2010-03-02T18:30:21.410Z,-36.537,-72.562,35,5.1,mb,154,51,,0.82,us,usp000h8j1,2022-05-02T21:41:15.845Z,"28 km S of Quirihue, Chile",earthquake,,,,75,reviewed,us,us
2010-03-02T17:57:02.040Z,-33.819,-72.055,26.6,5,mb,35,118.2,,1.11,us,usp000h8hz,2022-07-16T04:28:14.078Z,"48 km WSW of San Antonio, Chile",earthquake,,21.2,,11,reviewed,us,us
2010-03-02T14:07:08.580Z,-39.508,-73.788,35,5.1,mwc,46,152.4,,1.04,us,usp000h8hj,2022-07-16T04:25:02.897Z,"52 km NW of Corral, Chile",earthquake,,,,,reviewed,us,gcmt
2010-03-02T12:16:34.740Z,-36.618,-73.328,35,5.2,mwc,161,48.5,,0.86,us,usp000h8hc,2022-05-02T22:35:22.665Z,"22 km WNW of Talcahuano, Chile",earthquake,,,,,reviewed,us,gcmt
2010-03-02T11:30:31.870Z,-35.203,-72.586,38.6,5,mwc,181,72.8,,0.81,us,usp000h8h7,2022-05-02T21:40:57.022Z,"21 km NW of Constitución, Chile",earthquake,,7.3,,,reviewed,us,gcmt
2010-03-02T09:44:56.640Z,-34.162,-73.347,36.6,5,mb,127,90.2,,0.74,us,usp000h8gz,2014-11-07T01:40:53.501Z,"155 km NNW of Constitución, Chile",earthquake,,7.4,,75,reviewed,us,us
2010-03-02T06:10:53.260Z,-34.535,-72.68,35,5.3,mwc,84,52.7,,0.73,us,usp000h8g3,2016-11-10T02:25:01.616Z,"91 km NNW of Constitución, Chile",earthquake,,,,,reviewed,us,gcmt
2010-03-02T04:28:45.410Z,-36.675,-73.301,35,5.5,mwc,92,86.9,,1.05,us,usp000h8fw,2022-05-02T21:40:44.435Z,"17 km WNW of Talcahuano, Chile",earthquake,,,,,reviewed,us,gcmt
2010-03-02T04:09:28.400Z,-35.794,-73.233,35,5.4,mwc,73,88.2,,0.95,us,usp000h8fu,2022-05-02T21:40:38.200Z,"82 km NW of Quirihue, Chile",earthquake,,,,,reviewed,us,gcmt
2010-03-02T03:48:37.540Z,-33.857,-71.782,36.1,5,mb,117,92,,1.01,us,usp000h8ft,2022-05-02T21:41:25.906Z,"33 km SSW of San Antonio, Chile",earthquake,,3.9,,71,reviewed,us,us
2010-03-02T03:44:59.310Z,-34.495,-72.642,40.1,5,mb,135,76,,0.96,us,usp000h8fs,2014-11-07T01:40:53.259Z,"95 km NNW of Constitución, Chile",earthquake,,4.9,,73,reviewed,us,us
2010-03-02T02:09:35.490Z,-39.76,-71.366,24.8,5.1,mwc,125,60.4,,0.74,us,usp000h8fh,2022-07-16T04:18:45.652Z,"33 km NW of Junín de los Andes, Argentina",earthquake,,11.2,,,reviewed,us,gcmt
2010-03-01T22:40:18.020Z,-34.831,-73.814,35,5,mwc,71,88.8,,0.98,us,usp000h8f1,2016-11-10T02:24:59.126Z,"139 km WNW of Constitución, Chile",earthquake,,,,,reviewed,us,gcmt
2010-03-01T21:51:01.000Z,-33.898,-71.424,45,5,mb,143,92.8,,,us,usp000h8ex,2022-07-16T04:15:33.246Z,"30 km SW of Melipilla, Chile",earthquake,,,,72,reviewed,guc,us
2010-03-01T16:56:49.730Z,-36.297,-72.473,35,5,mwc,46,116.7,,1.04,us,usp000h8ec,2022-05-02T21:40:34.555Z,"Near the coast of Bio-Bio, Chile",earthquake,,,,,reviewed,us,gcmt
2010-03-01T15:52:38.910Z,-36.759,-73.551,35.9,5.1,mwc,44,116.5,,0.82,us,usp000h8e5,2022-05-02T21:40:33.355Z,"38 km W of Talcahuano, Chile",earthquake,,9.4,,,reviewed,us,gcmt
2010-03-01T14:36:30.040Z,-34.39,-73.504,30.9,5.2,mwc,215,55.4,,0.77,us,usp000h8dw,2016-11-10T02:24:57.652Z,"144 km NW of Constitución, Chile",earthquake,,10.8,,,reviewed,us,gcmt
2010-03-01T12:27:15.610Z,-34.282,-71.915,35,5.2,mb,200,52.9,,0.72,us,usp000h8dk,2022-07-16T04:12:15.263Z,"64 km NW of Santa Cruz, Chile",earthquake,,,,116,reviewed,us,us
2010-03-01T12:20:18.110Z,-34.537,-73.736,35,5.1,mwc,82,73.1,,0.77,us,usp000h8dh,2016-11-10T02:24:57.148Z,"149 km NW of Constitución, Chile",earthquake,,,,,reviewed,us,gcmt
2010-03-01T08:58:33.080Z,-37.84,-74.486,35,5,mwc,161,33.2,,0.78,us,usp000h8cn,2016-11-10T02:24:56.639Z,"77 km WSW of Lebu, Chile",earthquake,,,,,reviewed,us,gcmt
2010-03-01T08:46:56.680Z,-35.677,-72.291,35,5.3,mwc,52,132.5,,1.49,us,usp000h8ck,2022-05-02T21:40:30.999Z,"32 km N of Cauquenes, Chile",earthquake,,,,,reviewed,us,gcmt
2010-03-01T07:49:09.030Z,-34.707,-73.119,33,5.3,mwc,229,54.9,,0.86,us,usp000h8ce,2016-11-10T02:24:55.134Z,"94 km NW of Constitución, Chile",earthquake,,4.6,,,reviewed,us,gcmt
2010-03-01T06:16:10.480Z,-37.958,-74.928,35,5,mb,132,84.8,,0.72,us,usp000h8c0,2014-11-07T01:40:51.882Z,"118 km WSW of Lebu, Chile",earthquake,,,,89,reviewed,us,us
2010-03-01T03:53:16.160Z,-38.599,-73.113,35,5,mb,44,117.1,,0.79,us,usp000h8bm,2022-07-16T04:04:08.458Z,"13 km NNE of Carahue, Chile",earthquake,,,,12,reviewed,us,us
2010-03-01T03:07:48.880Z,-36.048,-72.794,27.6,5,mb,85,113,,1.2,us,usp000h8bg,2022-05-02T21:40:20.572Z,"34 km NW of Quirihue, Chile",earthquake,,3.9,,48,reviewed,us,us
2010-03-01T02:44:42.220Z,-35.039,-72.487,22.9,5.7,mwb,404,34.3,,0.83,us,usp000h8be,2022-08-09T03:27:47.842Z,"33 km NNW of Constitución, Chile",earthquake,,,,,reviewed,us,us
2010-03-01T01:15:12.820Z,-35.174,-73.819,35,5,mb,86,144.6,,0.74,us,usp000h8b5,2014-11-07T01:40:51.242Z,"129 km W of Constitución, Chile",earthquake,,,,25,reviewed,us,us
2010-03-01T01:10:57.790Z,-35.237,-71.919,41.3,5.2,mwc,311,73,,0.77,us,usp000h8b4,2022-05-02T21:40:18.514Z,"31 km NW of Talca, Chile",earthquake,,3,,,reviewed,us,gcmt
2010-03-01T00:01:26.220Z,-38.308,-73.916,35,5.1,mb,70,53,,0.79,us,usp000h8av,2014-11-07T01:40:50.696Z,"72 km SW of Cañete, Chile",earthquake,,5.3,,31,reviewed,us,us
2010-02-28T23:49:04.480Z,-37.348,-73.065,35,5.1,mb,167,115.1,,0.75,us,usp000h8as,2022-05-02T21:40:12.290Z,"25 km ESE of Arauco, Chile",earthquake,,,,87,reviewed,us,us
2010-02-28T23:45:05.000Z,-35.353,-72.322,35,5.2,mb,210,50.3,,0.82,us,usp000h8ar,2014-11-07T01:40:48.922Z,"8 km ESE of Constitución, Chile",earthquake,,,,128,reviewed,us,us
2010-02-28T22:41:28.810Z,-36.847,-73.331,27.8,5,mb,105,116.6,,0.97,us,usp000h8am,2014-11-07T01:40:48.904Z,"23 km SW of Talcahuano, Chile",earthquake,,3.8,,57,reviewed,us,us
2010-02-28T19:48:35.390Z,-38.099,-73.68,18,5.9,mwb,171,66.8,,0.8,us,usp000h89r,2022-07-16T04:00:58.506Z,"41 km SW of Cañete, Chile",earthquake,,,,,reviewed,us,us
2010-02-28T18:44:30.310Z,-36.793,-72.729,35,5.1,mb,145,102.5,,1.03,us,usp000h89e,2022-05-02T21:40:06.272Z,"24 km ESE of Penco, Chile",earthquake,,,,83,reviewed,us,us
2010-02-28T18:19:51.910Z,-34.907,-71.877,35,5,mb,97,116.5,,0.88,us,usp000h899,2022-05-02T21:40:05.286Z,"51 km W of Rauco, Chile",earthquake,,,,49,reviewed,us,us
2010-02-28T15:46:21.320Z,-34.796,-72.215,16.2,5.2,mb,134,53.1,,1.13,us,usp000h88f,2022-05-02T21:42:22.163Z,"62 km NNE of Constitución, Chile",earthquake,,,,83,reviewed,us,us
2010-02-28T15:26:54.950Z,-35.221,-72.443,31.5,5,mb,91,74.5,,0.89,us,usp000h88c,2014-11-07T01:40:48.646Z,"12 km NNW of Constitución, Chile",earthquake,,,,46,reviewed,us,us
2010-02-28T14:55:24.780Z,-33.87,-73.297,34.1,5.1,mb,87,52,,0.77,us,usp000h887,2022-07-16T03:57:48.104Z,"159 km W of San Antonio, Chile",earthquake,,14.2,,36,reviewed,us,us
2010-02-28T14:50:32.640Z,-33.894,-73.287,26,5.2,mb,190,52,,0.7,us,usp000h886,2014-11-07T01:40:48.615Z,"159 km WSW of San Antonio, Chile",earthquake,,,,114,reviewed,us,us
2010-02-28T13:47:05.920Z,-35.317,-72.883,35,5,mb,70,73.7,,0.7,us,usp000h87v,2014-11-07T01:40:48.587Z,"42 km W of Constitución, Chile",earthquake,,,,22,reviewed,us,us
2010-02-28T12:19:00.220Z,-38.212,-73.383,35,5.2,mb,151,64.6,,0.88,us,usp000h87c,2022-07-16T03:56:09.352Z,"45 km S of Cañete, Chile",earthquake,,,,88,reviewed,us,us
2010-02-28T11:51:04.020Z,-35.186,-72.523,27.4,5.2,mb,30,145.5,,1.22,us,usp000h873,2014-11-07T01:40:48.496Z,"19 km NNW of Constitución, Chile",earthquake,,4.2,,12,reviewed,us,us
2010-02-28T11:50:36.350Z,-35.03,-72.493,24,5.2,mb,159,75,,0.9,us,usp000h872,2014-11-07T01:40:48.484Z,"34 km NNW of Constitución, Chile",earthquake,,5.1,,96,reviewed,us,us
2010-02-28T11:25:35.920Z,-34.903,-71.617,46,6.2,mwb,516,17.8,,0.88,us,usp000h86y,2022-07-16T03:52:52.181Z,"27 km W of Rauco, Chile",earthquake,,,,,reviewed,us,us
2010-02-28T11:14:25.270Z,-35.546,-72.854,35,5,mb,85,118.5,,1.17,us,usp000h86w,2014-11-07T01:40:48.416Z,"46 km WSW of Constitución, Chile",earthquake,,,,54,reviewed,us,us
2010-02-28T10:43:10.150Z,-38.501,-75.273,35,5.1,mb,158,36.4,,1.02,us,usp000h86p,2014-11-07T01:40:48.392Z,"173 km SW of Lebu, Chile",earthquake,,,,88,reviewed,us,us
2010-02-28T09:14:53.300Z,-33.639,-71.832,35,5.2,mb,219,76.3,,0.72,us,usp000h865,2014-11-07T01:40:48.302Z,"21 km WSW of San Antonio, Chile",earthquake,,,,137,reviewed,us,us
2010-02-28T08:07:46.220Z,-35.193,-72.475,35,5,mb,141,55.7,,0.67,us,usp000h85t,2014-11-07T01:40:48.221Z,"16 km NNW of Constitución, Chile",earthquake,,,,80,reviewed,us,us
2010-02-28T07:36:29.120Z,-37.79,-72.883,35,5,mb,87,117,,0.83,us,usp000h85r,2022-05-02T21:39:45.170Z,"14 km W of Angol, Chile",earthquake,,,,40,reviewed,us,us
2010-02-28T07:14:20.220Z,-38.386,-73.473,35,5.1,mb,102,34.8,,1.1,us,usp000h85p,2014-11-07T01:40:48.201Z,"45 km NW of Carahue, Chile",earthquake,,,,53,reviewed,us,us
2010-02-28T05:19:34.760Z,-37.792,-73.42,35,5.3,mb,168,54.5,,0.78,us,usp000h852,2022-05-02T22:37:40.758Z,"2 km WNW of Cañete, Chile",earthquake,,,,99,reviewed,us,us
2010-02-28T05:13:58.410Z,-37.712,-73.328,35,5.3,mb,179,67.7,,0.76,us,usp000h84z,2022-07-16T03:43:53.037Z,"11 km NNE of Cañete, Chile",earthquake,,,,104,reviewed,us,us
2010-02-28T05:03:57.040Z,-35.013,-71.958,35,5,mb,60,75.6,,1.03,us,usp000h84w,2014-11-07T01:40:48.107Z,"53 km NNW of Talca, Chile",earthquake,,,,23,reviewed,us,us
2010-02-28T04:55:48.640Z,-34.028,-71.986,35,5.3,mb,250,56.8,,0.82,us,usp000h84s,2022-07-16T03:41:33.124Z,"59 km SW of San Antonio, Chile",earthquake,,,,153,reviewed,us,us
2010-02-28T04:47:29.600Z,-38.795,-73.873,5.9,5,mb,67,156.3,,1.07,us,usp000h84p,2014-11-07T01:40:48.063Z,"62 km W of Carahue, Chile",earthquake,,29.3,,35,reviewed,us,us
2010-02-28T04:17:51.170Z,-34.701,-71.905,35.8,5,mb,125,53.2,,0.95,us,usp000h84b,2022-05-02T21:39:38.191Z,"49 km W of Santa Cruz, Chile",earthquake,,9,,70,reviewed,us,us
2010-02-28T03:23:48.520Z,-37.754,-73.507,35,5.1,mb,151,96.6,,0.85,us,usp000h83t,2022-05-02T21:39:37.089Z,"11 km WNW of Cañete, Chile",earthquake,,,,87,reviewed,us,us
2010-02-28T03:14:11.520Z,-33.931,-73.168,35,5,mb,107,85.4,,0.88,us,usp000h83r,2014-11-07T01:40:47.882Z,"149 km WSW of San Antonio, Chile",earthquake,,,,38,reviewed,us,us
2010-02-28T02:41:04.460Z,-38.385,-73.552,12,5.1,mb,139,54.8,,0.98,us,usp000h83j,2022-07-16T03:37:51.683Z,"49 km NW of Carahue, Chile",earthquake,,18.6,,70,reviewed,us,us
2010-02-28T02:38:30.240Z,-38.32,-73.574,31.7,5.4,mb,228,34.1,,0.98,us,usp000h83h,2022-05-02T21:39:35.519Z,"56 km NW of Carahue, Chile",earthquake,,17.4,,132,reviewed,us,us
2010-02-28T02:04:25.250Z,-34.522,-73.606,9,5,mb,68,145.5,,0.79,us,usp000h837,2014-11-07T01:40:47.780Z,"141 km NW of Constitución, Chile",earthquake,,38,,42,reviewed,us,us
2010-02-28T01:58:49.180Z,-34.86,-72.539,32,5.2,mb,194,54.7,,0.8,us,usp000h835,2014-11-07T01:40:47.762Z,"53 km NNW of Constitución, Chile",earthquake,,11.5,,105,reviewed,us,us
2010-02-28T01:45:29.050Z,-34.45,-73.689,37.7,5.2,mb,180,55.2,,0.75,us,usp000h82x,2014-11-07T01:40:47.726Z,"152 km NW of Constitución, Chile",earthquake,,6.3,,92,reviewed,us,us
2010-02-28T01:33:11.610Z,-36.633,-72.707,35,5.3,mb,219,50.8,,0.86,us,usp000h82u,2022-05-02T19:49:53.547Z,"22 km E of Tomé, Chile",earthquake,,,,129,reviewed,us,us
2010-02-28T01:08:23.170Z,-34.163,-71.952,31.9,5.9,mwb,317,34.1,,0.77,us,usp000h82j,2022-05-02T21:39:01.507Z,"70 km SSW of San Antonio, Chile",earthquake,,4,,,reviewed,us,us
2010-02-28T01:01:10.440Z,-36.818,-73.376,29.7,5.3,mb,152,75,,0.85,us,usp000h82e,2014-11-07T01:40:47.601Z,"25 km WSW of Talcahuano, Chile",earthquake,,4.9,,65,reviewed,us,us
2010-02-28T00:53:30.020Z,-38.145,-73.739,24,5.1,mb,162,115.2,,0.78,us,usp000h82d,2022-05-02T21:40:29.554Z,"48 km SW of Cañete, Chile",earthquake,,,,85,reviewed,us,us
2010-02-28T00:00:49.790Z,-36.624,-73.369,48.4,5.3,mb,231,114.8,,0.65,us,usp000h824,2022-05-02T21:39:34.041Z,"25 km WNW of Talcahuano, Chile",earthquake,,5.8,,131,reviewed,us,us
2010-02-27T23:35:13.560Z,-33.861,-72.238,29.3,5.2,mb,238,62,,0.84,us,usp000h820,2022-05-02T21:39:32.469Z,"65 km WSW of San Antonio, Chile",earthquake,,3.5,,147,reviewed,us,us
2010-02-27T23:12:34.910Z,-34.7,-71.827,35,6,mb,310,34.2,,0.71,us,usp000h81v,2022-05-02T22:35:21.298Z,"42 km W of Santa Cruz, Chile",earthquake,,,,216,reviewed,us,us
2010-02-27T23:02:02.220Z,-37.695,-72.832,45.2,5.9,mwb,311,47,,0.93,us,usp000h81s,2022-05-02T21:38:58.665Z,"15 km NW of Angol, Chile",earthquake,,4.2,,,reviewed,us,us
2010-02-27T22:22:31.650Z,-33.99,-71.382,35,5.3,mb,71,115.8,,0.88,us,usp000h81k,2022-05-02T21:39:30.692Z,"36 km SSW of Melipilla, Chile",earthquake,,,,26,reviewed,us,us
2010-02-27T22:20:01.060Z,-34.932,-72.71,20.6,5.2,mb,116,75,,0.91,us,usp000h81h,2014-11-07T01:40:47.362Z,"52 km NNW of Constitución, Chile",earthquake,,3.7,,55,reviewed,us,us
2010-02-27T22:16:13.760Z,-36.492,-73.304,38.3,5.3,mb,89,70,,1.06,us,usp000h81f,2014-11-07T01:40:47.344Z,"30 km NNW of Talcahuano, Chile",earthquake,,4.6,,50,reviewed,us,us
2010-02-27T22:13:44.400Z,-35.779,-73.36,23.8,5.1,mb,106,72,,1,us,usp000h81e,2014-11-07T01:40:47.330Z,"92 km NW of Quirihue, Chile",earthquake,,3.5,,60,reviewed,us,us
2010-02-27T21:59:06.730Z,-36.8,-73.315,30.7,5.2,mb,158,61,,0.96,us,usp000h81b,2022-05-02T21:43:03.357Z,"19 km WSW of Talcahuano, Chile",earthquake,,2.3,,92,reviewed,us,us
2010-02-27T21:55:01.390Z,-33.903,-72.344,35,5,mb,15,115.9,,1.16,us,usp000h818,2014-11-07T01:40:47.295Z,"76 km WSW of San Antonio, Chile",earthquake,,,,3,reviewed,us,us
2010-02-27T21:48:25.240Z,-34.031,-72.292,24.9,5.1,mb,89,115,,0.87,us,usp000h817,2014-11-07T01:40:47.278Z,"79 km SW of San Antonio, Chile",earthquake,,3.8,,43,reviewed,us,us
2010-02-27T21:43:10.860Z,-35.156,-72.522,35,5.2,mb,75,95.7,,0.8,us,usp000h815,2014-11-07T01:40:47.270Z,"22 km NNW of Constitución, Chile",earthquake,,,,44,reviewed,us,us
2010-02-27T21:41:26.040Z,-37.332,-73.836,35,5,mb,51,97.5,,0.85,us,usp000h814,2014-11-07T01:40:47.265Z,"34 km NNW of Lebu, Chile",earthquake,,,,27,reviewed,us,us
2010-02-27T21:00:35.000Z,-33.916,-73.154,27,5.2,mb,205,59,,0.96,us,usp000h80w,2014-11-07T01:40:47.231Z,"147 km WSW of San Antonio, Chile",earthquake,,3.3,,122,reviewed,us,us
2010-02-27T20:29:21.230Z,-34.914,-73.708,35,5,mb,103,72.4,,1.18,us,usp000h80h,2014-11-07T01:40:47.178Z,"126 km WNW of Constitución, Chile",earthquake,,,,62,reviewed,us,us
2010-02-27T19:46:07.170Z,-36.481,-73.197,35,5,mb,89,146,,1.05,us,usp000h807,2014-11-07T01:40:47.115Z,"26 km NW of Tomé, Chile",earthquake,,,,53,reviewed,us,us
2010-02-27T19:10:13.130Z,-35.047,-72.376,38.8,5.2,mb,101,73.3,,0.96,us,usp000h800,2014-11-07T01:40:47.080Z,"31 km N of Constitución, Chile",earthquake,,9.5,,52,reviewed,us,us
2010-02-27T19:06:17.630Z,-37.548,-73.345,40,5.2,mb,120,71.5,,1.15,us,usp000h7zy,2022-05-02T21:39:24.332Z,"7 km S of Curanilahue, Chile",earthquake,,10.7,,59,reviewed,us,us
2010-02-27T19:00:06.860Z,-33.422,-71.828,31.1,6.2,mwc,384,57.6,,1.01,us,usp000h7zx,2022-08-09T03:57:26.827Z,"25 km NW of Cartagena, Chile",earthquake,,5,,,reviewed,us,gcmt
2010-02-27T18:41:50.210Z,-37.632,-73.595,35,5,mb,59,67.7,,1.07,us,usp000h7zu,2014-11-07T01:40:47.014Z,"5 km ESE of Lebu, Chile",earthquake,,,,14,reviewed,us,us
2010-02-27T18:23:11.440Z,-37.581,-73.699,35,5.7,ms,178,66.5,,1.11,us,usp000h7zt,2022-05-02T22:37:29.529Z,"5 km NW of Lebu, Chile",earthquake,,,,150,reviewed,us,us
2010-02-27T18:15:22.810Z,-37.516,-73.55,24.7,5.6,mb,249,49.7,,1.24,us,usp000h7zr,2022-05-02T21:38:50.095Z,"13 km NE of Lebu, Chile",earthquake,,4.7,,123,reviewed,us,us
2010-02-27T18:13:03.870Z,-36.644,-73.093,35,5,mb,35,116.6,,1.14,us,usp000h7zq,2014-11-07T01:40:46.962Z,"9 km NNE of Talcahuano, Chile",earthquake,,,,4,reviewed,us,us
2010-02-27T18:12:50.370Z,-33.859,-71.695,38,5,mb,97,84.1,,1.12,us,usp000h7zp,2022-05-02T22:35:19.928Z,"30 km SSW of San Antonio, Chile",earthquake,,16.1,,48,reviewed,us,us
2010-02-27T17:57:05.850Z,-34.81,-71.701,35,5.3,mb,55,51.6,,1.17,us,usp000h7zj,2014-11-07T01:40:46.937Z,"36 km WSW of Santa Cruz, Chile",earthquake,,,,15,reviewed,us,us
2010-02-27T17:56:52.410Z,-34.793,-71.541,35,5.3,mb,183,97.4,,1.01,us,usp000h7zh,2022-05-02T22:01:37.580Z,"23 km SW of Santa Cruz, Chile",earthquake,,,,103,reviewed,us,us
2010-02-27T17:43:37.220Z,-36.521,-73.051,38.4,5.5,mb,246,44.8,,0.88,us,usp000h7ze,2022-05-02T21:38:44.100Z,"13 km NW of Tomé, Chile",earthquake,,9.6,,152,reviewed,us,us
2010-02-27T17:40:10.010Z,-33.381,-71.96,2.9,5,mb,142,76.6,,1.03,us,usp000h7zd,2014-11-07T01:40:46.883Z,"37 km WNW of Cartagena, Chile",earthquake,,11.6,,73,reviewed,us,us
2010-02-27T17:24:30.590Z,-36.354,-73.208,19,6.1,mwb,243,35.7,,1.09,us,usp000h7z8,2022-05-02T21:40:50.786Z,"36 km NW of Tomé, Chile",earthquake,,,,,reviewed,us,us
2010-02-27T17:11:49.000Z,-33.99,-71.805,35,5.5,mb,272,57.9,,0.76,us,usp000h7z5,2022-05-02T21:38:38.956Z,"47 km SSW of San Antonio, Chile",earthquake,,,,166,reviewed,us,us
2010-02-27T16:50:19.530Z,-34.22,-72.166,35,5.1,mb,88,91.5,,0.86,us,usp000h7z1,2014-11-07T01:40:46.799Z,"86 km SW of San Antonio, Chile",earthquake,,,,31,reviewed,us,us
2010-02-27T16:37:33.570Z,-37.511,-73.453,35,5.4,mb,133,54.3,,1.14,us,usp000h7yw,2022-05-02T22:35:18.495Z,"10 km WSW of Curanilahue, Chile",earthquake,,,,72,reviewed,us,us
2010-02-27T16:32:20.890Z,-34.917,-72.328,41.4,5.1,mb,97,73.5,,1.16,us,usp000h7yt,2014-11-07T01:40:46.768Z,"46 km N of Constitución, Chile",earthquake,,10.6,,59,reviewed,us,us
2010-02-27T16:27:56.830Z,-37.78,-73.348,35,5.5,mb,170,38.8,,1.1,us,usp000h7ys,2022-05-02T21:38:37.802Z,"4 km ENE of Cañete, Chile",earthquake,,,,97,reviewed,us,us
2010-02-27T16:21:13.090Z,-38.283,-73.429,35,5.4,mb,210,66.6,,0.88,us,usp000h7yp,2022-05-02T21:42:19.399Z,"52 km NNW of Carahue, Chile",earthquake,,,,129,reviewed,us,us
2010-02-27T16:00:25.880Z,-34.116,-72.255,35,5,mb,37,115.4,,0.99,us,usp000h7ye,2014-11-07T01:40:46.719Z,"83 km SW of San Antonio, Chile",earthquake,,,,9,reviewed,us,us
2010-02-27T15:55:56.350Z,-34.034,-72.296,35,5.1,mb,25,116,,1.11,us,usp000h7yd,2014-11-07T01:40:46.716Z,"80 km SW of San Antonio, Chile",earthquake,,,,7,reviewed,us,us
2010-02-27T15:45:37.000Z,-24.872,-65.602,10,6.3,mwc,376,44.2,,,us,usp000h7yb,2022-07-16T03:32:42.887Z,"5 km NE of Campo Quijano, Argentina",earthquake,,,,,reviewed,sja,gcmt
2010-02-27T15:44:50.740Z,-36.129,-73.257,35,5.5,mb,38,116.4,,0.95,us,usp000h7ya,2020-09-21T16:35:22.306Z,"60 km NNW of Tomé, Chile",earthquake,,,,6,reviewed,us,us
2010-02-27T15:23:33.620Z,-38.278,-73.725,35,5.2,mb,52,75.3,,0.92,us,usp000h7y5,2014-11-07T01:40:46.671Z,"60 km SSW of Cañete, Chile",earthquake,,,,23,reviewed,us,us
2010-02-27T15:22:53.640Z,-35.455,-71.529,35,5,mb,30,145.4,,1.16,us,usp000h7y4,2014-11-07T01:40:46.668Z,"9 km NNW of San Clemente, Chile",earthquake,,,,25,reviewed,us,us
2010-02-27T15:09:48.690Z,-33.942,-71.339,44.8,5.2,mb,62,57.2,,0.94,us,usp000h7xy,2022-05-02T22:01:31.123Z,"30 km SSW of Melipilla, Chile",earthquake,,,,30,reviewed,us,us
2010-02-27T15:09:09.000Z,-33.955,-71.359,50,5.1,mb,121,92.8,,,us,usp000h7xx,2022-05-02T21:38:30.602Z,"32 km SSW of Melipilla, Chile",earthquake,,,,56,reviewed,guc,us
2010-02-27T14:52:07.180Z,-37.968,-73.383,35,5,mb,34,150.7,,0.84,us,usp000h7xr,2014-11-07T01:40:46.623Z,"18 km S of Cañete, Chile",earthquake,,,,6,reviewed,us,us
2010-02-27T14:41:50.190Z,-35.709,-73.106,35,5.1,mb,111,95.8,,1.11,us,usp000h7xm,2014-11-07T01:40:46.608Z,"75 km WSW of Constitución, Chile",earthquake,,,,43,reviewed,us,us
2010-02-27T14:40:34.840Z,-34.199,-72.049,35,5,mb,52,115.6,,0.99,us,usp000h7xj,2014-11-07T01:40:46.600Z,"78 km SSW of San Antonio, Chile",earthquake,,,,23,reviewed,us,us
2010-02-27T14:23:27.300Z,-34.578,-72.851,35,5.2,mb,118,62.4,,0.94,us,usp000h7xa,2014-11-07T01:40:46.552Z,"92 km NNW of Constitución, Chile",earthquake,,,,66,reviewed,us,us
2010-02-27T14:19:59.460Z,-37.335,-73.258,35,5,mb,63,97.8,,1.02,us,usp000h7x7,2022-05-02T21:38:25.002Z,"11 km SSE of Arauco, Chile",earthquake,,,,29,reviewed,us,us
2010-02-27T14:06:46.950Z,-37.219,-72.673,35,5,mb,62,97.8,,0.94,us,usp000h7x2,2022-05-02T21:43:02.027Z,"7 km NNE of Laja, Chile",earthquake,,,,30,reviewed,us,us
2010-02-27T13:54:03.780Z,-33.303,-71.841,35,5.2,mb,173,93.1,,0.78,us,usp000h7wv,2014-11-07T01:40:46.500Z,"35 km NW of Cartagena, Chile",earthquake,,,,99,reviewed,us,us
2010-02-27T13:12:52.490Z,-35.156,-72.212,35,5,mb,75,73.2,,1,us,usp000h7w3,2014-11-07T01:40:46.425Z,"26 km NE of Constitución, Chile",earthquake,,,,45,reviewed,us,us
2010-02-27T13:09:20.900Z,-38.496,-73.645,35,5.3,mb,65,83.9,,0.71,us,usp000h7w2,2014-11-07T01:40:46.420Z,"48 km WNW of Carahue, Chile",earthquake,,,,18,reviewed,us,us
2010-02-27T13:07:40.510Z,-38.554,-72.865,35,5,mb,55,111.9,,1.04,us,usp000h7w1,2014-11-07T01:40:46.414Z,"22 km NNE of Nueva Imperial, Chile",earthquake,,,,31,reviewed,us,us
2010-02-27T12:58:34.370Z,-33.566,-71.911,35,5.1,mb,87,92.7,,0.8,us,usp000h7vz,2022-05-02T22:37:28.631Z,"28 km W of Cartagena, Chile",earthquake,,,,49,reviewed,us,us
2010-02-27T12:46:20.720Z,-37.837,-74.973,35,5.1,mb,95,54,,0.94,us,usp000h7vv,2014-11-07T01:40:46.244Z,"119 km WSW of Lebu, Chile",earthquake,,,,52,reviewed,us,us
2010-02-27T12:44:49.130Z,-37.169,-73.373,35,5.1,mb,94,68.7,,0.79,us,usp000h7vu,2022-05-02T21:42:50.750Z,"9 km NNW of Arauco, Chile",earthquake,,,,55,reviewed,us,us
2010-02-27T12:23:07.110Z,-36.184,-73.098,35,5,mb,33,145.9,,1.17,us,usp000h7vh,2014-11-07T01:40:46.204Z,"49 km NNW of Tomé, Chile",earthquake,,,,13,reviewed,us,us
2010-02-27T12:03:27.570Z,-34.373,-73.965,35,5.5,mb,86,89.2,,1.07,us,usp000h7vb,2022-05-02T21:38:23.970Z,"177 km NW of Constitución, Chile",earthquake,,,,36,reviewed,us,us
2010-02-27T12:03:03.230Z,-37.032,-73.14,35,5,mb,78,115.2,,0.71,us,usp000h7va,2014-11-07T01:40:46.172Z,"0 km N of Coronel, Chile",earthquake,,,,15,reviewed,us,us
2010-02-27T11:45:02.860Z,-36.326,-73.188,35,5.4,mb,108,70.3,,0.92,us,usp000h7v5,2014-11-07T01:40:46.153Z,"38 km NNW of Tomé, Chile",earthquake,,,,55,reviewed,us,us
2010-02-27T11:26:59.250Z,-38.265,-73.716,35,5.2,mb,60,80.3,,0.95,us,usp000h7v1,2014-11-07T01:40:46.141Z,"58 km SSW of Cañete, Chile",earthquake,,,,29,reviewed,us,us
2010-02-27T10:54:23.530Z,-36.804,-73.399,35,5.4,mb,91,116.5,,0.91,us,usp000h7up,2014-11-07T01:40:46.103Z,"26 km WSW of Talcahuano, Chile",earthquake,,,,30,reviewed,us,us
2010-02-27T10:38:35.020Z,-38.191,-73.694,35,5.9,mb,161,32.5,,0.8,us,usp000h7uh,2022-05-02T21:38:22.810Z,"50 km SSW of Cañete, Chile",earthquake,,,,72,reviewed,us,us
2010-02-27T10:30:36.400Z,-33.281,-71.955,35,6,mb,213,33.2,,,us,usp000h7uf,2022-05-02T22:33:01.930Z,"40 km SW of Valparaíso, Chile",earthquake,,,,96,reviewed,guc,us
2010-02-27T10:30:10.230Z,-37.878,-73.545,20,5.99,mw,,,,,iscgem,iscgem600697919,2022-05-02T22:39:45.521Z,"15 km WSW of Cañete, Chile",earthquake,,4.2,0.54,,reviewed,iscgem,iscgem
2010-02-27T10:10:14.730Z,-33.717,-72.163,35,5.6,mb,153,33.4,,0.77,us,usp000h7u9,2022-05-02T21:38:16.801Z,"53 km WSW of San Antonio, Chile",earthquake,,,,73,reviewed,us,us
2010-02-27T09:59:20.380Z,-38.16,-73.652,35,5.8,mb,178,54.7,,0.81,us,usp000h7u5,2022-05-02T22:01:29.292Z,"45 km SSW of Cañete, Chile",earthquake,,,,83,reviewed,us,us
2010-02-27T09:43:30.450Z,-37.113,-73.315,35,5,mb,87,49.6,,0.87,us,usp000h7u1,2014-11-07T01:40:45.955Z,"14 km W of Lota, Chile",earthquake,,,,11,reviewed,us,us
2010-02-27T09:21:24.730Z,-36.668,-73.257,35,5.2,mb,113,69.7,,0.84,us,usp000h7tr,2014-11-07T01:40:45.904Z,"14 km WNW of Talcahuano, Chile",earthquake,,,,53,reviewed,us,us
2010-02-27T09:06:16.460Z,-33.998,-72.197,35,5.3,mb,107,39.2,,0.94,us,usp000h7th,2014-11-07T01:40:45.878Z,"70 km SW of San Antonio, Chile",earthquake,,,,50,reviewed,us,us
2010-02-27T09:00:16.660Z,-33.443,-71.525,35,5.6,mb,141,80.3,,1.33,us,usp000h7tf,2022-05-02T21:38:09.297Z,"14 km NNE of Cartagena, Chile",earthquake,,,,117,reviewed,us,us
2010-02-27T08:58:19.480Z,-37.52,-73.565,35,5,mb,36,156.2,,1.1,us,usp000h7te,2014-11-07T01:40:45.859Z,"12 km NE of Lebu, Chile",earthquake,,,,9,reviewed,us,us
2010-02-27T08:56:18.240Z,-36.099,-73.309,35,5,mb,19,122.4,,0.95,us,usp000h7td,2014-11-07T01:40:45.857Z,"65 km NNW of Tomé, Chile",earthquake,,,,6,reviewed,us,us
2010-02-27T08:53:56.540Z,-34.468,-73.513,35,5.4,mb,133,52.3,,0.84,us,usp000h7tc,2022-05-02T21:38:10.654Z,"139 km NW of Constitución, Chile",earthquake,,,,60,reviewed,us,us
2010-02-27T08:53:26.790Z,-35.452,-72.867,35,5,mb,57,114.6,,0.9,us,usp000h7tb,2014-11-07T01:40:45.842Z,"43 km WSW of Constitución, Chile",earthquake,,,,39,reviewed,us,us
2010-02-27T08:51:38.380Z,-34.73,-72.73,36.2,5,mb,47,116.1,,0.77,us,usp000h7ta,2014-11-07T01:40:45.839Z,"72 km NNW of Constitución, Chile",earthquake,,11.7,,14,reviewed,us,us
2010-02-27T08:48:05.540Z,-38.495,-75.326,35,5.6,mb,148,65.2,,0.94,us,usp000h7t8,2022-05-02T22:37:27.610Z,"176 km WSW of Lebu, Chile",earthquake,,,,73,reviewed,us,us
2010-02-27T08:45:41.910Z,-34.815,-72.505,35,5,mb,54,116.2,,1.03,us,usp000h7t7,2014-11-07T01:40:45.819Z,"58 km N of Constitución, Chile",earthquake,,,,29,reviewed,us,us
2010-02-27T08:37:34.290Z,-33.637,-71.976,35,5.2,mb,22,137.8,,0.76,us,usp000h7t5,2014-11-07T01:40:45.813Z,"34 km W of San Antonio, Chile",earthquake,,,,6,reviewed,us,us
2010-02-27T08:36:58.910Z,-36.176,-73.51,35,5.1,mb,31,159.8,,0.97,us,usp000h7t4,2014-11-07T01:40:45.810Z,"69 km NW of Tomé, Chile",earthquake,,,,15,reviewed,us,us
2010-02-27T08:35:26.050Z,-36.952,-72.871,35,5.2,mb,26,116.8,,1.2,us,usp000h7t3,2014-11-07T01:40:45.807Z,"14 km ESE of Chiguayante, Chile",earthquake,,,,12,reviewed,us,us
2010-02-27T08:31:58.900Z,-33.027,-72.439,35,5.5,mb,25,132,,1.15,us,usp000h7t2,2022-05-02T22:35:16.740Z,"75 km W of Valparaíso, Chile",earthquake,,,,6,reviewed,us,us
2010-02-27T08:31:03.960Z,-34.872,-72.433,35,5.7,mb,230,34.3,,0.87,us,usp000h7t0,2022-05-02T21:39:12.401Z,"51 km N of Constitución, Chile",earthquake,,,,136,reviewed,us,us
2010-02-27T08:29:03.340Z,-37.247,-74.095,35,5.2,mb,16,116.5,,1.48,us,usp000h7sz,2014-11-07T01:40:45.772Z,"55 km NW of Lebu, Chile",earthquake,,,,6,reviewed,us,us
2010-02-27T08:28:19.800Z,-34.89,-74.115,35,5.4,mb,53,114.2,,0.99,us,usp000h7sy,2014-11-07T01:40:45.767Z,"162 km WNW of Constitución, Chile",earthquake,,,,12,reviewed,us,us
2010-02-27T08:25:29.620Z,-34.749,-72.427,35,6.1,mb,337,33.7,,0.8,us,usp000h7sx,2022-05-02T22:01:23.104Z,"64 km N of Constitución, Chile",earthquake,,,,211,reviewed,us,us
2010-02-27T08:23:50.970Z,-34.492,-72.126,22.5,5.2,mb,49,114.4,,0.82,us,usp000h7sw,2014-11-07T01:40:45.735Z,"71 km WNW of Santa Cruz, Chile",earthquake,,19.4,,21,reviewed,us,us
2010-02-27T08:19:24.160Z,-33.618,-72.02,35,5.3,mb,91,113.5,,1.27,us,usp000h7su,2014-11-07T01:40:45.727Z,"38 km W of San Antonio, Chile",earthquake,,,,47,reviewed,us,us
2010-02-27T08:17:53.090Z,-34.956,-72.712,35,5.1,mb,19,116.2,,0.87,us,usp000h7st,2014-11-07T01:40:45.725Z,"50 km NNW of Constitución, Chile",earthquake,,,,8,reviewed,us,us
2010-02-27T08:13:14.500Z,-33.304,-71.579,35,5.6,mb,134,138.6,,1.18,us,usp000h7ss,2022-05-02T22:09:49.911Z,"27 km N of Cartagena, Chile",earthquake,,,,90,reviewed,us,us
2010-02-27T08:09:20.710Z,-33.597,-72.807,35,5.1,mb,14,121.4,,1.37,us,usp000h7sr,2014-11-07T01:40:45.712Z,"111 km W of San Antonio, Chile",earthquake,,,,2,reviewed,us,us
2010-02-27T08:01:23.010Z,-37.773,-75.048,35,7.4,mwc,409,17.6,,1.06,us,usp000h7sq,2022-05-02T21:42:17.623Z,"124 km W of Lebu, Chile",earthquake,,,,,reviewed,us,gcmt
2010-02-27T07:59:53.850Z,-36.122,-72.71,35,5.3,mb,98,115,,0.81,us,usp000h7sp,2022-05-02T22:37:26.112Z,"23 km NW of Quirihue, Chile",earthquake,,,,57,reviewed,us,us
2010-02-27T07:58:05.900Z,-33.56,-72.001,15,5.3,mb,78,92.5,,,us,usp000h7sn,2014-11-07T01:40:45.664Z,"36 km W of Cartagena, Chile",earthquake,,,,43,reviewed,guc,us
2010-02-27T07:57:32.890Z,-35.753,-72.197,35,5.1,mb,74,115.1,,0.74,us,usp000h7sm,2022-05-02T22:32:53.287Z,"26 km NNE of Cauquenes, Chile",earthquake,,,,51,reviewed,us,us
2010-02-27T07:57:23.800Z,-33.83,-71.456,27.2,5,mb,30,121.7,,,us,usp000h7sk,2014-11-07T01:40:45.656Z,"27 km SW of Melipilla, Chile",earthquake,,,,4,reviewed,guc,us
2010-02-27T07:56:36.710Z,-37.033,-73.2,35,5.1,mb,101,86.5,,0.79,us,usp000h7sj,2014-11-07T01:40:45.648Z,"5 km W of Coronel, Chile",earthquake,,,,62,reviewed,us,us
2010-02-27T07:54:24.850Z,-35.09,-73.774,35,5,mb,16,175.8,,1.35,us,usp000h7sh,2014-11-07T01:40:45.646Z,"126 km WNW of Constitución, Chile",earthquake,,,,5,reviewed,us,us
2010-02-27T07:54:00.860Z,-34.614,-73.777,35,5,mb,28,155.2,,0.76,us,usp000h7sg,2014-11-07T01:40:45.643Z,"148 km WNW of Constitución, Chile",earthquake,,,,10,reviewed,us,us
2010-02-27T07:52:07.180Z,-35.829,-73.329,35,5.2,mb,11,122.3,,1.17,us,usp000h7sf,2014-11-07T01:40:45.642Z,"86 km NW of Quirihue, Chile",earthquake,,,,3,reviewed,us,us
2010-02-27T07:51:04.980Z,-36.458,-72.647,35,5.4,mb,136,68.7,,0.93,us,usp000h7se,2022-05-02T21:39:06.133Z,"21 km SSW of Quirihue, Chile",earthquake,,,,80,reviewed,us,us
2010-02-27T07:49:51.800Z,-33.623,-72.163,15.1,5.2,mb,75,92.3,,,us,usp000h7sd,2014-11-07T01:40:45.595Z,"51 km W of San Antonio, Chile",earthquake,,,,36,reviewed,guc,us
2010-02-27T07:46:49.380Z,-36.866,-73.116,35,5.3,mb,114,68.7,,0.86,us,usp000h7sc,2014-11-07T01:40:45.572Z,"7 km SW of Concepción, Chile",earthquake,,,,78,reviewed,us,us
2010-02-27T07:43:15.550Z,-35.991,-74.012,35,5.2,mb,12,122.3,,1.34,us,usp000h7sb,2014-11-07T01:40:45.571Z,"114 km NW of Talcahuano, Chile",earthquake,,,,3,reviewed,us,us
2010-02-27T07:40:46.800Z,-35.133,-72.176,32.7,5.5,mb,84,73.3,,1.07,us,usp000h7sa,2022-05-02T22:01:22.121Z,"30 km NE of Constitución, Chile",earthquake,,5.9,,38,reviewed,us,us
2010-02-27T07:37:17.960Z,-36.869,-72.673,35,6,mb,319,34.4,,0.86,us,usp000h7s9,2022-05-02T21:39:04.676Z,"27 km NNW of Yumbel, Chile",earthquake,,,,197,reviewed,us,us
2010-02-27T07:36:46.410Z,-34.632,-72.225,35,5.1,mb,15,124.2,,1.34,us,usp000h7s8,2014-11-07T01:40:45.531Z,"78 km W of Santa Cruz, Chile",earthquake,,,,6,reviewed,us,us
2010-02-27T07:34:30.940Z,-33.821,-72.132,35,5.5,mb,105,61.7,,0.79,us,usp000h7s7,2022-05-02T21:38:04.174Z,"54 km WSW of San Antonio, Chile",earthquake,,,,61,reviewed,us,us
2010-02-27T07:33:30.720Z,-38.032,-73.393,35,5.6,mb,174,46.8,,0.86,us,usp000h7s5,2022-05-02T22:37:24.512Z,"25 km S of Cañete, Chile",earthquake,,,,99,reviewed,us,us
2010-02-27T07:30:29.880Z,-34.907,-72.817,35,5.2,mb,33,89.8,,0.92,us,usp000h7s4,2014-11-07T01:40:45.494Z,"60 km NW of Constitución, Chile",earthquake,,,,16,reviewed,us,us
2010-02-27T07:29:42.680Z,-35.819,-72.818,35,5.4,mb,55,114.9,,0.97,us,usp000h7s3,2014-11-07T01:40:45.489Z,"47 km WNW of Cauquenes, Chile",earthquake,,,,27,reviewed,us,us
2010-02-27T07:29:10.400Z,-34.992,-72.622,29,5.2,mb,85,70.7,,0.95,us,usp000h7s2,2014-11-07T01:40:45.482Z,"42 km NNW of Constitución, Chile",earthquake,,5.3,,46,reviewed,us,us
2010-02-27T07:23:15.970Z,-36.924,-73.594,35,5.6,mb,61,53.9,,1.27,us,usp000h7s1,2022-05-02T22:01:20.559Z,"42 km WNW of Coronel, Chile",earthquake,,,,21,reviewed,us,us
2010-02-27T07:21:32.970Z,-37.964,-74.126,35,5.1,mb,12,165.1,,1.17,us,usp000h7s0,2014-11-07T01:40:45.475Z,"57 km SW of Lebu, Chile",earthquake,,,,2,reviewed,us,us
2010-02-27T07:19:47.890Z,-35.822,-72.836,35,5.4,mb,95,126.3,,1.18,us,usp000h7ry,2022-05-02T21:38:02.492Z,"49 km WNW of Cauquenes, Chile",earthquake,,,,54,reviewed,us,us
2010-02-27T07:15:52.600Z,-36.912,-73.366,35,5.2,mb,20,128.9,,0.91,us,usp000h7rx,2014-11-07T01:40:45.464Z,"24 km NW of Coronel, Chile",earthquake,,,,6,reviewed,us,us
2010-02-27T07:12:28.450Z,-33.878,-71.943,35,6,mb,291,30,,1.02,us,usp000h7ru,2022-05-02T21:42:10.967Z,"44 km SW of San Antonio, Chile",earthquake,,,,159,reviewed,us,us
2010-02-27T07:05:05.700Z,-33.912,-72.107,35,5.8,mb,116,40,,0.9,us,usp000h7rs,2022-05-02T22:35:15.404Z,"58 km SW of San Antonio, Chile",earthquake,,,,52,reviewed,us,us
2010-02-27T07:02:04.260Z,-38.099,-73.708,35,5.1,mb,12,165.5,,0.81,us,usp000h7rr,2014-11-07T01:40:45.425Z,"42 km SW of Cañete, Chile",earthquake,,,,1,reviewed,us,us
2010-02-27T06:59:31.920Z,-33.975,-72.119,21.3,5.3,mb,36,122.2,,0.76,us,usp000h7rq,2014-11-07T01:40:45.422Z,"63 km SW of San Antonio, Chile",earthquake,,16.4,,10,reviewed,us,us
2010-02-27T06:58:28.080Z,-31.72,-72.156,35,5.2,mb,13,115.2,,1.29,us,usp000h7rp,2014-11-07T01:40:45.420Z,"94 km W of Illapel, Chile",earthquake,,,,4,reviewed,us,us
2010-02-27T06:56:26.190Z,-34.35,-72.197,34.8,5.6,mb,27,116.6,,0.97,us,usp000h7rn,2022-05-02T22:35:13.826Z,"82 km WNW of Santa Cruz, Chile",earthquake,,23.1,,8,reviewed,us,us
2010-02-27T06:52:34.020Z,-34.867,-72.614,35,6.2,mb,150,44.6,,0.98,us,usp000h7rk,2022-05-02T22:32:51.757Z,"54 km NNW of Constitución, Chile",earthquake,,,,88,reviewed,us,us
2010-02-27T06:51:17.650Z,-31.663,-69.141,39.8,6,mb,118,52.7,,0.69,us,usp000h7rj,2022-05-02T21:42:48.973Z,"40 km WSW of Villa Basilio Nievas, Argentina",earthquake,,7.4,,58,reviewed,us,us
2010-02-27T06:47:23.590Z,-33.655,-72.033,35,5.6,mb,13,150.7,,1.23,us,usp000h7rh,2022-05-02T22:35:12.504Z,"40 km W of San Antonio, Chile",earthquake,,,,6,reviewed,us,us
2010-02-27T06:34:11.530Z,-36.122,-72.898,22.9,8.8,mww,454,17.8,,1.09,official,official20100227063411530_30,2022-08-29T15:06:45.907Z,"36 km WNW of Quirihue, Chile",earthquake,,9.2,,,reviewed,us,official
2010-02-18T20:56:33.400Z,-23.067,-68.514,114.7,5.2,mwc,210,69.2,,,us,usp000h7eg,2016-11-10T02:24:19.156Z,"36 km WSW of San Pedro de Atacama, Chile",earthquake,,,,,reviewed,guc,gcmt
2010-02-12T12:03:38.830Z,-33.622,-68.789,148.4,5.8,mwc,340,13.6,,0.99,us,usp000h77d,2022-07-16T02:28:41.743Z,"67 km SSW of San Martín, Argentina",earthquake,,2.5,,,reviewed,us,us
2010-02-07T17:09:47.340Z,-23.225,-66.564,238.9,5.6,mwc,173,59.2,,1.32,us,usp000h721,2022-05-02T22:36:48.643Z,"90 km W of El Aguilar, Argentina",earthquake,,,,,reviewed,us,us
2010-02-06T01:33:51.280Z,-16.666,-73.437,53,5.2,mwc,65,71.3,,1.15,us,usp000h6zv,2022-07-16T02:01:11.596Z,"54 km SSE of Atico, Peru",earthquake,,8.6,,,reviewed,us,gcmt
2010-01-30T05:50:09.300Z,-28.227,-70.698,57.4,5.3,mwb,285,74.3,,,us,usp000h6sc,2022-07-16T01:40:01.166Z,"39 km N of Vallenar, Chile",earthquake,,,,,reviewed,guc,us
2010-01-29T14:24:34.180Z,-24.064,-66.698,178.4,5,mwc,220,76.1,,1.04,us,usp000h6rz,2016-11-10T02:23:28.540Z,"42 km WNW of San Antonio de los Cobres, Argentina",earthquake,,5.3,,,reviewed,us,gcmt
2010-01-28T08:04:14.250Z,-23.357,-66.712,208.4,5.9,mwb,419,20.4,,0.93,us,usp000h6q8,2022-05-02T21:37:50.280Z,"103 km NNW of San Antonio de los Cobres, Argentina",earthquake,,,,,reviewed,us,us
2010-01-23T09:40:30.790Z,-17.557,-63.903,10,5.1,mb,60,64.4,,1.08,us,usp000h6h8,2022-05-02T21:35:28.866Z,"18 km SSW of Villa Yapacaní, Bolivia",earthquake,,,,8,reviewed,us,us
2010-01-23T09:23:03.950Z,-17.541,-63.887,10,5.3,mb,242,64.2,,0.86,us,usp000h6h7,2022-07-16T01:09:00.374Z,"16 km SSW of Villa Yapacaní, Bolivia",earthquake,,,,144,reviewed,us,us
2010-01-21T00:15:14.100Z,-36.281,-73.16,42.2,5.1,mb,150,115,,,us,usp000h6du,2022-07-16T00:56:59.563Z,"41 km NNW of Tomé, Chile",earthquake,,,,61,reviewed,guc,us
2010-01-20T19:07:38.720Z,-57.773,-65.809,10,5.1,mwc,83,50.8,,0.91,us,usp000h6dh,2016-11-10T02:23:03.094Z,"Drake Passage",earthquake,,,,,reviewed,us,gcmt
2010-01-19T17:28:15.360Z,-27.584,-65.829,26.8,5.2,mwc,168,49.2,,0.98,us,usp000h6c0,2022-07-16T00:48:02.243Z,"26 km SW of Aguilares, Argentina",earthquake,,,,,reviewed,us,gcmt
2010-01-18T12:28:34.930Z,-31.355,-68.599,94.1,5.4,mwc,280,17.9,,0.8,us,usp000h69w,2022-07-16T00:31:12.662Z,"11 km NW of Albardón, Argentina",earthquake,,2.4,,,reviewed,us,us
2010-01-17T12:00:01.080Z,-57.664,-65.879,5,6.3,mwc,243,29,,0.89,us,usp000h68a,2022-07-16T00:27:27.811Z,"Drake Passage",earthquake,,,,,reviewed,us,us
2010-01-05T01:34:25.430Z,-16.481,-74.034,28,5.1,mwc,73,102.6,,1.09,us,usp000h5r3,2016-11-10T02:22:22.199Z,"53 km SW of Atico, Peru",earthquake,,,,,reviewed,us,gcmt
